word,true_label,pred_labsl
UNK,O,O
UNK,O,O
UNK,O,O
and,O,O
should,O,O
email,O,O
their,O,O
cv,O,O
in,O,O
the,O,O
first,O,O
instance,O,O
to,O,O
alex,O,O
UNK,O,O
at,O,O
UNK,O,O
search,O,O
ltd,O,O
UNK,O,O
UNK,O,O
or,O,O
UNK,O,O
UNK,O,O
at,O,O
home,O,O
UNK,O,O
senior,O,O
care,O,O
east,O,O
UNK,O,O
office,O,O
or,O,O
email,O,O
a,O,O
cv,O,O
to,O,O
UNK,O,B-Skill
UNK,O,O
or,O,O
for,O,O
similar,O,O
positions,O,O
visit,O,O
www,O,O
.,O,O
UNK,O,O
.,O,O
co,O,O
.,O,O
uk,O,O
UNK,O,O
limited,O,O
is,O,O
acting,O,O
as,O,O
an,O,O
employment,O,O
agency,O,O
in,O,O
relation,O,O
to,O,O
this,O,O
vacancy,O,O
.,O,O
UNK,O,O
25,O,O
days,O,O
annual,O,O
holiday,O,O
",",O,O
on,O,O
site,O,O
UNK,O,O
and,O,O
relative,O,O
corporate,O,O
benefits,O,O
.,O,O
UNK,O,O
job,O,O
title,O,O
sexual,O,O
health,O,O
clinic,O,O
nurse,O,O
location,O,O
UNK,O,O
",",O,O
kent,O,O
salary,O,O
UNK,O,O
UNK,O,O
a,O,O
day,O,O
morgan,O,O
hunt,O,O
",",O,O
a,O,O
multi,O,O
award,O,O
winning,O,O
public,O,O
sector,O,O
recruitment,O,O
consultancy,O,O
are,O,O
currently,O,O
looking,O,O
to,O,O
source,O,O
candidates,O,O
to,O,O
work,O,O
as,O,O
an,O,O
i,O,O
UNK,O,O
specialist,O,O
.,O,O
UNK,O,O
month,O,O
old,O,O
UNK,O,O
with,O,O
experience,O,O
of,O,O
UNK,O,O
of,O,O
the,O,B-Skill
same,O,O
age,O,O
.,O,O
UNK,O,O
4,O,O
hours,O,O
per,O,O
week,O,O
in,O,O
between,O,O
a,O,O
feed,O,O
increasing,O,O
once,O,O
she,O,O
is,O,O
UNK,O,B-Skill
and,O,O
when,O,O
i,O,O
can,O,O
return,O,O
to,O,O
work,O,O
.,O,O
",",O,O
regulatory,B-Skill,O
requirements,I-Skill,O
and,O,O
analysis,B-Skill,O
are,O,O
met,O,O
balance,B-Skill,O
sheet,I-Skill,O
analysis,I-Skill,O
",",O,O
production,B-Skill,O
of,I-Skill,O
p,I-Skill,O
l,I-Skill,O
UNK,I-Skill,O
s,I-Skill,O
the,O,O
ideal,O,O
candidate,O,O
will,O,O
be,O,O
UNK,O,O
or,O,O
UNK,O,O
qualified,O,O
",",O,O
have,O,O
experience,O,O
of,O,O
an,O,O
audit,B-Skill,B-Skill
role,O,O
within,O,O
practice,O,O
and,O,O
be,O,O
looking,O,O
for,O,O
the,O,O
first,O,O
move,O,O
into,O,O
industry,O,O
.,O,O
",",O,O
you,O,O
will,O,O
be,O,O
a,O,O
qualified,O,O
account,O,O
and,O,O
have,O,O
previous,O,O
experience,O,O
of,O,O
UNK,B-Skill,O
.,O,O
UNK,O,O
good,O,O
b2b,B-Skill,O
sales,I-Skill,O
experience,O,O
excellent,O,O
working,B-Skill,O
understanding,I-Skill,O
of,I-Skill,O
consultative,I-Skill,O
sales,I-Skill,B-Skill
approach,I-Skill,I-Skill
3,O,O
years,O,O
lead,B-Skill,O
generation,I-Skill,O
or,O,O
inside,B-Skill,O
sales,I-Skill,O
experience,O,O
or,O,O
relevant,O,O
experience,O,O
selling,B-Skill,O
it,I-Skill,O
network,I-Skill,O
and,I-Skill,O
security,I-Skill,O
products,I-Skill,O
.,O,O
:,O,O
the,O,O
successful,O,O
applicant,O,O
can,O,O
expect,O,O
a,O,O
competitive,O,O
salary,O,O
of,O,O
around,O,O
a,O,O
fantastic,O,O
salary,O,O
",",O,O
benefits,O,O
package,O,O
and,O,O
working,O,O
environment,O,O
is,O,O
on,O,O
offer,O,O
for,O,O
the,O,O
successful,B-Skill,O
candidate,O,O
as,O,O
well,O,O
as,O,O
ongoing,O,O
training,B-Skill,O
and,O,O
development,B-Skill,O
.,O,O
a,O,O
flexible,B-Skill,O
approach,O,O
is,O,O
essential,O,O
for,O,O
this,O,O
role,O,O
as,O,O
the,O,O
hours,O,O
to,O,O
be,O,O
worked,O,O
will,O,O
be,O,O
on,O,O
a,O,O
full,O,O
shift,O,B-Skill
rotation,O,I-Skill
including,O,O
weekends,O,O
a,O,O
full,O,O
clean,O,O
driving,O,O
licence,O,O
",",O,O
hnc,O,O
or,O,O
above,O,O
in,O,O
a,O,O
relevant,O,O
engineering,B-Skill,O
discipline,O,O
and,O,O
a,O,O
time,O,O
served,O,O
electrical,B-Skill,B-Skill
engineering,I-Skill,I-Skill
background,O,O
are,O,O
therefore,O,O
essential,O,O
requirements,O,O
for,O,O
this,O,O
role,O,O
",",O,O
and,O,O
in,O,O
return,O,O
an,O,O
attractive,O,O
benefits,O,O
package,O,O
",",O,O
stability,O,O
and,O,O
genuine,O,O
career,O,O
progression,O,O
opportunities,O,O
are,O,O
available,O,O
.,O,O
a,O,O
highly,O,O
motivated,B-Skill,O
self,I-Skill,O
starter,I-Skill,O
open,I-Skill,O
to,I-Skill,O
change,I-Skill,O
and,I-Skill,O
new,I-Skill,O
ideas,I-Skill,O
confident,I-Skill,O
",",O,O
and,O,O
assertive,B-Skill,O
results,I-Skill,O
driven,I-Skill,O
ambitious,I-Skill,O
and,O,O
constantly,B-Skill,O
striving,I-Skill,O
for,I-Skill,O
excellence,I-Skill,O
and,I-Skill,O
success,I-Skill,O
team,O,O
a,O,O
leading,O,O
manufacturing,O,O
business,O,O
who,O,O
supply,O,O
luxury,O,O
products,O,O
to,O,O
the,O,O
retail,O,B-Skill
and,O,O
leisure,O,O
industries,O,O
are,O,O
looking,O,O
to,O,O
recruit,O,O
a,O,O
talented,O,O
supply,O,O
chain,O,O
manager,O,O
to,O,O
manage,B-Skill,O
operations,I-Skill,O
",",O,O
production,B-Skill,O
",",O,O
warehousing,B-Skill,O
",",O,O
delivery,B-Skill,O
",",O,O
reporting,B-Skill,O
and,O,O
to,O,O
develop,B-Skill,O
best,I-Skill,O
practice,I-Skill,O
supply,I-Skill,O
chain,I-Skill,O
procedures,I-Skill,O
within,O,O
the,O,O
organisation,O,O
.,O,O
a,O,O
national,O,O
sized,O,O
",",O,O
UNK,O,O
construction,O,O
company,O,O
based,O,O
in,O,O
the,O,O
heart,O,O
of,O,O
east,O,O
london,O,O
is,O,O
looking,O,O
for,O,O
a,O,O
proactive,B-Skill,O
",",O,O
personable,B-Skill,O
and,O,O
confident,B-Skill,O
team,O,O
secretary,O,O
to,O,O
be,O,O
responsible,B-Skill,O
for,O,O
all,O,O
aspects,O,O
of,O,O
the,O,O
administration,B-Skill,O
and,O,O
support,B-Skill,O
a,I-Skill,O
team,I-Skill,O
of,O,O
10,O,O
.,O,O
a,O,O
relevant,O,O
vocational,O,O
qualification,O,O
e,O,O
.,O,O
g,O,O
.,O,O
nvq,O,O
",",O,O
hnc,O,O
",",O,O
hnd,O,O
",",O,O
UNK,O,O
",",O,O
c,O,B-Skill
UNK,O,O
;,O,O
g,O,O
or,O,O
an,O,O
appropriate,O,O
apprenticeship,O,O
.,O,O
a,O,O
team,B-Skill,O
player,I-Skill,O
with,O,O
a,O,O
proactive,B-Skill,O
",",O,O
flexible,B-Skill,O
attitude,O,O
able,O,O
to,O,O
work,B-Skill,O
to,I-Skill,O
tight,I-Skill,O
deadlines,I-Skill,O
and,O,O
deliver,B-Skill,O
under,I-Skill,O
pressure,I-Skill,O
strong,O,O
negotiation,B-Skill,O
skills,O,O
ability,O,O
to,O,O
organise,B-Skill,O
staff,I-Skill,O
",",O,O
understand,O,O
and,O,O
work,B-Skill,O
towards,I-Skill,O
targets,I-Skill,O
",",O,O
as,O,O
well,O,O
as,O,O
work,B-Skill,O
safely,I-Skill,O
and,I-Skill,O
responsibly,I-Skill,O
at,O,O
all,O,O
times,O,O
qualifications,O,O
:,O,O
hold,O,O
current,O,O
UNK,O,O
water,O,O
UNK,O,B-Skill
card,O,O
.,O,O
ability,O,O
to,O,O
qualify,B-Skill,O
all,I-Skill,O
prospects,I-Skill,O
",",O,O
track,B-Skill,O
progress,I-Skill,O
through,I-Skill,O
the,I-Skill,O
sales,I-Skill,O
cycle,I-Skill,O
",",O,O
and,O,O
UNK,O,O
contribute,B-Skill,O
to,I-Skill,O
pipeline,I-Skill,O
growth,I-Skill,O
including,O,O
having,O,O
previously,O,O
called,B-Skill,O
on,I-Skill,O
contacts,I-Skill,O
at,O,O
potential,O,O
customers,O,O
in,O,O
the,O,O
it,O,O
networking,O,B-Skill
and,O,O
/,O,O
or,O,O
security,O,O
space,O,O
.,O,O
about,O,O
our,O,O
client,O,O
:,O,O
we,O,O
are,O,O
recruiting,O,O
for,O,O
a,O,O
very,O,O
well,O,O
respected,O,O
kitchen,O,O
within,O,O
the,O,O
edinburgh,O,O
market,O,O
and,O,O
as,O,O
such,O,O
are,O,O
looking,O,O
to,O,O
recruit,O,O
the,O,O
best,O,O
talent,O,O
available,O,O
.,O,O
about,O,O
our,O,O
client,O,O
our,O,O
client,O,O
is,O,O
a,O,O
large,O,O
biotechnology,O,B-Skill
company,O,O
based,O,O
in,O,O
london,O,O
.,O,O
accepting,B-Skill,O
assigned,I-Skill,O
projects,I-Skill,O
as,O,O
required,O,O
and,O,O
work,B-Skill,O
with,I-Skill,O
other,I-Skill,O
divisions,I-Skill,O
to,O,O
ensure,O,O
their,O,O
delivery,O,O
.,O,O
achievement,O,O
of,O,O
demanding,O,O
cost,B-Skill,B-Skill
reduction,I-Skill,I-Skill
targets,I-Skill,O
supplier,I-Skill,O
management,I-Skill,O
",",O,O
building,B-Skill,O
effective,I-Skill,O
internal,I-Skill,O
and,I-Skill,O
external,I-Skill,O
relationships,I-Skill,O
additionally,O,O
",",O,O
this,O,O
is,O,O
a,O,O
very,O,O
UNK,O,O
working,O,O
environment,O,O
UNK,O,O
UNK,O,O
code,O,O
",",O,O
UNK,B-Skill,O
back,I-Skill,O
and,O,O
friendly,B-Skill,O
UNK,O,O
and,O,O
a,O,O
genuine,O,O
prospect,O,O
of,O,O
UNK,B-Skill,O
to,O,O
c,B-Skill,B-Skill
in,O,O
the,O,O
future,O,O
.,O,O
UNK,B-Skill,B-Skill
to,I-Skill,O
the,I-Skill,O
maintenance,I-Skill,O
systems,I-Skill,O
including,O,O
following,B-Skill,O
the,I-Skill,O
pm,I-Skill,O
and,I-Skill,O
stores,I-Skill,O
system,I-Skill,O
.,O,O
all,O,O
UNK,O,O
candidates,O,O
will,O,O
be,O,O
UNK,O,B-Skill
in,O,O
their,O,O
own,O,O
setting,O,O
.,O,O
although,O,O
we,O,O
UNK,O,O
to,O,O
respond,O,O
to,O,O
all,O,O
applications,O,O
",",O,O
the,O,B-Skill
high,O,O
number,O,O
we,O,O
receive,O,O
means,O,O
this,O,O
UNK,O,O
UNK,O,O
t,O,O
always,O,O
possible,O,O
.,O,O
an,O,O
analytical,B-Skill,O
approach,O,O
to,O,O
problem,B-Skill,B-Skill
solving,I-Skill,I-Skill
excellent,O,O
team,B-Skill,O
working,I-Skill,O
skills,O,O
an,O,O
international,O,O
bank,O,O
are,O,O
currently,O,O
recruiting,O,O
for,O,O
a,O,O
financial,O,O
analyst,O,O
to,O,O
join,O,O
their,O,O
accounting,B-Skill,O
and,O,O
control,B-Skill,O
team,O,O
.,O,O
an,O,O
overall,O,O
focus,O,O
on,O,O
reducing,B-Skill,O
costs,I-Skill,O
and,O,O
driving,B-Skill,O
improvements,I-Skill,O
in,O,O
service,O,O
throughout,O,O
supply,B-Skill,O
chain,I-Skill,O
.,O,O
analysis,B-Skill,O
of,I-Skill,O
the,I-Skill,O
underlying,I-Skill,O
real,I-Skill,O
estate,I-Skill,O
through,I-Skill,O
to,I-Skill,O
a,I-Skill,O
net,I-Skill,O
investor,I-Skill,O
position,I-Skill,O
",",O,O
including,O,O
relevant,O,O
debt,B-Skill,O
",",I-Skill,O
tax,I-Skill,O
and,I-Skill,O
fund,I-Skill,O
flows,I-Skill,O
",",O,O
on,O,O
a,O,O
historic,B-Skill,O
and,I-Skill,O
forecast,I-Skill,O
basis,I-Skill,O
",",O,O
and,O,O
developing,B-Skill,O
and,I-Skill,O
maintaining,I-Skill,O
cash,I-Skill,B-Skill
flow,I-Skill,I-Skill
forecasts,I-Skill,O
for,O,O
this,O,O
.,O,O
applicants,O,O
should,O,O
possess,O,O
:,O,O
practical,O,O
experience,O,O
of,O,O
UNK,B-Skill,B-Skill
detection,I-Skill,O
on,O,O
active,O,O
projects,O,O
",",O,O
ideally,O,O
2,O,O
years,O,O
or,O,O
more,O,O
.,O,O
are,O,O
you,O,O
self,B-Skill,O
motivated,I-Skill,O
with,O,O
a,O,O
passion,O,O
for,O,O
new,B-Skill,O
business,I-Skill,B-Skill
UNK,O,I-Skill
as,O,O
a,O,O
case,O,B-Skill
management,O,I-Skill
role,O,O
this,O,O
will,O,O
involve,O,O
assessing,B-Skill,O
patient,I-Skill,O
cases,I-Skill,O
and,O,O
devising,B-Skill,O
and,I-Skill,O
advising,I-Skill,O
care,I-Skill,O
plans,I-Skill,O
for,O,O
each,O,O
one,O,O
through,O,O
ongoing,B-Skill,O
evaluation,I-Skill,O
.,O,O
as,O,O
a,O,O
sponsorship,O,O
sales,O,O
consultant,O,O
",",O,O
you,O,O
will,O,O
play,O,O
a,O,O
key,O,O
role,O,O
in,O,O
the,O,O
success,O,O
of,O,O
UNK,O,O
.,O,O
as,O,O
a,O,O
project,O,O
manager,O,O
you,O,O
will,O,O
be,O,O
required,O,O
to,O,O
accurately,B-Skill,O
reflect,I-Skill,O
the,I-Skill,O
projects,I-Skill,O
status,I-Skill,O
to,O,O
senior,O,O
management,O,O
UNK,B-Skill,O
any,I-Skill,O
anticipated,I-Skill,O
short,I-Skill,O
UNK,I-Skill,O
",",O,O
the,O,O
implications,O,O
and,O,O
in,O,O
some,O,O
instances,O,O
your,O,O
solution,O,O
.,O,O
as,O,O
a,O,O
result,O,O
of,O,O
the,O,O
volume,O,O
of,O,O
applications,O,O
we,O,O
may,O,O
be,O,O
unable,O,O
to,O,O
respond,O,O
with,O,O
individual,O,O
feedback,O,O
.,O,O
as,O,O
a,O,O
team,B-Skill,O
player,I-Skill,O
you,O,O
will,O,O
benefit,O,O
from,O,O
the,O,O
culture,O,O
of,O,O
this,O,O
organisation,O,O
.,O,O
as,O,O
the,O,O
linux,O,B-Skill
systems,O,O
administrator,O,O
/,O,O
engineer,O,O
you,O,O
will,O,O
be,O,O
required,O,O
to,O,O
support,B-Skill,O
the,I-Skill,O
software,I-Skill,O
developers,I-Skill,O
in,O,O
how,O,O
they,O,O
access,O,O
",",O,O
use,O,O
and,O,O
want,O,O
to,O,O
improve,O,O
the,O,O
software,B-Skill,B-Skill
development,I-Skill,I-Skill
and,O,O
support,B-Skill,O
within,I-Skill,O
the,I-Skill,O
team,I-Skill,O
.,O,O
as,O,O
the,O,O
site,O,O
agent,O,O
is,O,O
needed,O,O
to,O,O
deliver,O,O
a,O,O
bridge,B-Skill,O
UNK,I-Skill,O
project,O,O
in,O,O
the,O,O
south,O,O
yorkshire,O,O
",",O,O
they,O,O
must,O,O
have,O,O
civil,B-Skill,B-Skill
engineering,I-Skill,I-Skill
experience,O,O
within,O,O
the,O,O
rail,O,O
industry,O,O
for,O,O
a,O,O
main,O,O
/,O,O
principle,O,O
contractor,O,O
.,O,O
assistant,O,O
head,O,O
teacher,O,O
to,O,O
lead,B-Skill,O
UNK,I-Skill,O
for,O,O
UNK,O,O
201,O,O
assistant,O,O
head,O,O
teacher,O,O
to,O,O
lead,B-Skill,O
UNK,I-Skill,O
inner,O,O
london,O,O
borough,O,O
of,O,O
UNK,O,O
assisting,O,O
in,O,O
developing,B-Skill,O
business,I-Skill,B-Skill
plans,I-Skill,I-Skill
",",O,O
hold,B-Skill,O
/,I-Skill,O
sell,I-Skill,O
decisions,I-Skill,O
and,O,O
portfolio,B-Skill,O
strategies,I-Skill,O
.,O,O
UNK,O,O
recruitment,O,O
is,O,O
acting,O,O
as,O,O
an,O,O
employment,B-Skill,O
agency,I-Skill,O
in,O,O
relation,O,O
to,O,O
this,O,O
vacancy,O,O
.,O,O
at,O,O
least,O,O
2,O,O
years,O,O
experience,O,O
working,O,O
with,O,O
UNK,B-Skill,O
release,I-Skill,O
10,I-Skill,O
and,O,O
the,O,O
UNK,B-Skill,O
business,I-Skill,B-Skill
objects,I-Skill,I-Skill
universe,I-Skill,O
.,O,O
at,O,O
this,O,O
point,O,O
",",O,O
i,O,O
will,O,O
be,O,O
UNK,O,O
a,O,O
full,O,O
time,O,O
",",O,O
live,O,O
out,O,O
",",O,O
bilingual,B-Skill,O
UNK,O,B-Skill
and,O,O
UNK,O,O
to,O,O
be,O,O
able,O,O
to,O,O
use,O,O
the,O,O
same,O,O
person,O,O
for,O,O
continuity,O,O
purposes,O,O
.,O,O
UNK,O,O
recruitment,O,O
have,O,O
launched,O,O
their,O,O
automotive,B-Skill,B-Skill
recruitment,I-Skill,O
division,O,O
and,O,O
are,O,O
looking,O,O
for,O,O
service,O,O
advisors,O,O
from,O,O
all,O,O
over,O,O
the,O,O
uk,O,O
as,O,O
we,O,O
have,O,O
started,O,O
to,O,O
bring,O,O
on,O,O
vacancies,O,O
with,O,O
UNK,O,O
automotive,O,B-Skill
UNK,O,O
through,O,O
out,O,O
the,O,O
uk,O,O
.,O,O
awareness,B-Skill,O
of,I-Skill,O
data,I-Skill,B-Skill
management,I-Skill,I-Skill
issues,I-Skill,O
and,O,O
data,B-Skill,B-Skill
maintenance,I-Skill,I-Skill
requirements,I-Skill,O
.,O,O
band,O,O
UNK,O,O
UNK,O,O
.,O,O
0,O,O
UNK,O,O
i,O,O
.,O,O
e,O,O
.,O,O
full,O,O
time,O,O
this,O,O
post,O,O
is,O,O
split,O,O
between,O,O
two,O,O
UNK,O,O
on,O,O
the,O,O
west,O,O
side,O,O
of,O,O
the,O,O
UNK,O,O
of,O,O
march,O,O
UNK,O,O
car,O,O
UNK,O,O
preferable,O,O
but,O,O
not,O,O
essential,O,O
band,O,O
UNK,O,O
and,O,O
community,O,O
UNK,O,O
.,O,O
0,O,O
UNK,O,O
i,O,O
.,O,O
e,O,O
full,O,O
time,O,O
.,O,O
based,O,O
from,O,O
home,O,O
",",O,O
the,O,O
successful,O,O
candidate,O,O
will,O,O
demonstrate,O,O
a,O,O
dynamic,B-Skill,O
and,O,O
articulate,B-Skill,O
communication,O,O
style,O,O
and,O,O
positive,B-Skill,O
",",O,O
proactive,B-Skill,O
approach,O,O
to,O,O
both,O,O
reactive,B-Skill,O
and,I-Skill,O
planned,I-Skill,O
preventative,I-Skill,O
maintenance,I-Skill,O
activities,I-Skill,O
on,I-Skill,O
a,I-Skill,O
range,I-Skill,O
of,I-Skill,O
electrical,I-Skill,O
",",I-Skill,O
mechanical,I-Skill,O
",",I-Skill,O
hydraulic,I-Skill,O
and,I-Skill,O
pneumatic,I-Skill,O
systems,I-Skill,O
",",O,O
and,O,O
will,O,O
thrive,O,O
within,O,O
a,O,O
customer,B-Skill,O
facing,I-Skill,O
environment,O,O
in,O,O
which,O,O
the,O,O
highest,O,O
levels,O,O
of,O,O
quality,O,O
customer,B-Skill,O
service,I-Skill,O
and,O,O
satisfaction,O,O
are,O,O
of,O,O
paramount,O,O
importance,O,O
.,O,O
be,O,O
innovative,B-Skill,O
and,O,O
have,O,O
good,O,O
UNK,B-Skill,B-Skill
capabilities,O,O
",",O,O
as,O,O
well,O,O
as,O,O
good,O,O
consulting,B-Skill,B-Skill
skills,O,O
.,O,O
be,O,O
willing,B-Skill,O
to,I-Skill,O
work,I-Skill,O
away,I-Skill,O
from,I-Skill,O
normal,I-Skill,O
office,I-Skill,O
location,I-Skill,O
at,I-Skill,O
short,I-Skill,O
notice,I-Skill,O
.,O,O
build,B-Skill,O
strong,I-Skill,O
relationships,I-Skill,O
with,O,O
UNK,O,O
and,O,O
other,O,O
providers,O,O
make,O,O
a,O,O
significant,O,O
contribution,O,O
to,O,O
the,O,O
leadership,B-Skill,O
and,O,O
management,B-Skill,O
of,O,O
the,O,O
school,O,O
by,O,B-Skill
listening,B-Skill,I-Skill
to,I-Skill,O
their,I-Skill,O
specific,I-Skill,O
needs,I-Skill,O
",",O,O
you,O,O
ll,O,O
ensure,O,O
that,O,O
you,O,O
find,B-Skill,O
a,I-Skill,O
product,I-Skill,O
that,O,O
s,O,O
right,O,O
for,O,O
them,O,O
.,O,O
by,O,O
specialising,O,O
solely,O,O
in,O,O
placing,O,O
candidates,O,O
in,O,O
the,O,O
microsoft,B-Skill,B-Skill
dynamics,I-Skill,B-Skill
market,O,O
i,O,O
have,O,O
built,O,O
relationships,O,O
with,O,O
most,O,O
of,O,O
the,O,O
key,O,O
UNK,O,O
in,O,O
the,O,O
uk,O,O
and,O,O
have,O,O
an,O,O
UNK,O,O
understanding,O,O
of,O,O
where,O,O
the,O,O
best,O,O
opportunities,O,O
UNK,O,O
crm,O,O
jobs,O,O
are,O,O
.,O,O
UNK,O,O
are,O,O
recruiting,O,O
for,O,O
a,O,O
prestigious,O,O
market,O,O
leading,O,O
business,O,O
in,O,O
UNK,O,O
",",O,O
UNK,O,O
.,O,O
candidate,O,O
profile,O,O
candidates,O,O
must,O,O
be,O,O
from,O,O
a,O,O
civil,B-Skill,B-Skill
engineering,I-Skill,I-Skill
background,O,O
",",O,O
with,O,O
a,O,O
solid,O,O
track,O,O
record,O,O
in,O,O
delivering,B-Skill,O
rail,I-Skill,O
projects,I-Skill,O
.,O,O
UNK,O,B-Skill
vouchers,O,O
to,O,O
apply,O,O
or,O,O
request,O,O
further,O,O
information,O,O
",",O,O
contact,O,O
UNK,O,O
at,O,O
apply,O,O
.,O,O
a,O,O
UNK,O,O
UNK,O,O
UNK,O,O
l,O,O
UNK,O,O
UNK,O,O
.,O,O
UNK,O,O
.,O,O
co,O,O
or,O,O
call,O,O
on,O,O
constant,O,O
review,B-Skill,O
of,I-Skill,O
material,I-Skill,O
labour,I-Skill,O
costs,I-Skill,O
to,O,O
ensure,B-Skill,O
the,I-Skill,O
accuracy,I-Skill,O
of,I-Skill,O
rates,I-Skill,O
.,O,O
corecom,O,O
consulting,O,B-Skill
are,O,O
on,O,O
the,O,O
lookout,O,O
for,O,O
a,O,O
talented,B-Skill,O
test,O,O
consultant,O,O
/,O,O
automation,O,B-Skill
test,O,O
analyst,O,O
with,O,O
experience,O,O
of,O,O
working,B-Skill,O
with,I-Skill,O
selenium,I-Skill,O
for,O,O
our,O,O
client,O,O
",",O,O
a,O,O
market,O,O
leading,O,O
web,O,O
based,O,O
organisation,O,O
based,O,O
in,O,O
newcastle,O,O
.,O,O
dealing,B-Skill,O
with,I-Skill,O
sme,I-Skill,O
commercial,I-Skill,O
insurance,I-Skill,O
policies,I-Skill,O
in,O,O
a,O,O
variety,O,O
industries,O,O
and,O,O
of,O,O
classes,O,O
including,O,O
shops,O,O
",",O,O
vehicles,O,O
and,O,O
offices,O,O
;,O,O
the,O,O
account,O,O
UNK,O,O
will,O,O
manage,B-Skill,O
renewals,I-Skill,O
",",O,O
mid,B-Skill,O
term,I-Skill,O
UNK,I-Skill,O
and,O,O
any,O,O
other,O,O
general,B-Skill,O
customer,I-Skill,O
queries,I-Skill,O
.,O,O
degree,O,O
/,O,O
hnd,O,O
/,O,O
hnc,O,O
in,O,O
civil,O,B-Skill
engineering,O,I-Skill
or,O,O
equivalent,O,O
UNK,O,O
UNK,O,O
please,O,O
note,O,O
you,O,O
must,O,O
be,O,O
eligible,O,O
to,O,O
live,O,O
and,O,O
work,O,O
in,O,O
the,O,O
uk,O,O
to,O,O
apply,O,O
for,O,O
this,O,O
position,O,O
.,O,O
development,O,O
and,O,O
progression,O,O
into,O,O
senior,O,O
management,O,O
with,O,O
this,O,O
chain,O,O
is,O,O
a,O,O
very,O,O
UNK,O,O
prospect,O,O
with,O,O
the,O,O
company,O,B-Skill
planning,O,I-Skill
to,O,O
have,O,O
a,O,O
gym,O,O
in,O,O
every,O,O
UNK,O,O
in,O,O
the,O,O
country,O,O
and,O,O
managers,O,O
are,O,O
already,O,O
moving,O,O
UNK,O,O
up,O,O
the,O,O
UNK,O,O
.,O,O
driving,B-Skill,O
improvements,I-Skill,O
in,O,O
forecasting,B-Skill,O
and,O,O
accuracy,B-Skill,O
of,I-Skill,O
operational,I-Skill,O
reporting,I-Skill,O
.,O,O
due,O,O
to,O,O
an,O,O
increase,O,O
in,O,O
work,O,O
load,O,O
the,O,O
clinic,O,O
are,O,O
looking,O,O
to,O,O
recruit,O,O
due,O,O
to,O,O
an,O,O
increased,O,O
demand,O,O
for,O,O
their,O,O
UNK,O,O
product,O,O
",",O,O
the,O,O
world,O,O
leader,O,O
in,O,O
the,O,O
provision,O,O
of,O,O
software,B-Skill,O
solutions,I-Skill,O
to,O,O
the,O,O
music,O,O
and,O,O
entertainment,O,O
industry,O,O
needs,O,O
an,O,O
experienced,O,O
UNK,O,B-Skill
developer,O,O
.,O,O
due,O,O
to,O,O
continual,O,O
developments,O,O
",",O,O
a,O,O
fantastic,B-Skill,O
opportunity,O,O
has,O,O
recently,O,O
arisen,O,O
with,O,O
one,O,O
of,O,O
our,O,O
most,O,O
prestigious,B-Skill,O
clients,O,O
.,O,O
due,O,O
to,O,O
ongoing,O,O
expansion,O,O
",",O,O
they,O,O
are,O,O
currently,O,O
looking,O,O
for,O,O
an,O,O
experienced,B-Skill,O
general,O,O
nurse,O,O
to,O,O
play,O,O
a,O,O
key,O,O
role,O,O
within,O,O
their,O,O
case,O,B-Skill
management,O,I-Skill
UNK,O,O
.,O,O
due,O,O
to,O,O
the,O,O
UNK,O,O
application,O,O
response,O,O
we,O,O
receive,O,O
through,O,O
various,O,O
sources,O,O
",",O,O
should,O,O
you,O,O
not,O,O
hear,O,O
from,O,O
us,O,O
within,O,O
one,O,O
week,O,O
each,O,O
client,O,O
UNK,O,O
s,O,O
needs,O,O
are,O,O
UNK,O,B-Skill
by,O,O
an,O,O
integrated,O,O
combination,O,O
of,O,O
hardware,B-Skill,O
",",O,O
software,B-Skill,O
and,O,O
services,B-Skill,O
.,O,O
end,O,O
user,O,O
client,O,O
actively,O,O
requires,O,O
a,O,O
dynamics,O,B-Skill
crm,O,O
developer,O,O
to,O,O
assist,B-Skill,O
them,O,O
with,O,O
the,O,O
continuation,O,O
of,O,O
their,O,O
global,B-Skill,O
dynamics,I-Skill,B-Skill
crm,I-Skill,O
project,O,O
.,O,O
ensuring,B-Skill,O
accuracy,I-Skill,O
in,O,O
order,O,O
to,O,O
realise,B-Skill,O
the,I-Skill,O
agreed,I-Skill,O
profit,I-Skill,O
margins,I-Skill,O
.,O,O
ensuring,B-Skill,O
quality,I-Skill,B-Skill
management,I-Skill,I-Skill
system,I-Skill,B-Skill
documentation,I-Skill,I-Skill
is,I-Skill,O
in,I-Skill,O
accordance,I-Skill,O
with,I-Skill,O
good,I-Skill,O
clinical,I-Skill,O
practice,I-Skill,O
processes,I-Skill,O
.,O,O
essential,O,O
knowledge,O,O
and,O,O
experience,O,O
:,O,O
knowledge,B-Skill,O
of,I-Skill,O
human,I-Skill,O
resources,I-Skill,B-Skill
management,I-Skill,I-Skill
system,I-Skill,O
from,O,O
both,O,O
a,O,O
technical,O,O
and,O,O
functionality,O,O
perspective,O,O
.,O,O
every,O,O
client,B-Skill,O
contact,I-Skill,O
UNK,O,O
",",O,O
and,O,O
you,O,O
will,O,O
be,O,O
using,O,O
world,O,O
class,O,O
sales,B-Skill,O
tools,I-Skill,O
and,I-Skill,O
techniques,I-Skill,O
in,O,O
order,O,O
to,O,O
diagnose,B-Skill,O
client,I-Skill,O
needs,I-Skill,O
and,O,O
match,O,O
those,O,O
with,O,O
our,O,O
product,O,O
offering,O,O
.,O,O
excellent,O,O
data,B-Skill,B-Skill
analysis,I-Skill,I-Skill
experience,O,O
using,O,O
microsoft,B-Skill,B-Skill
excel,I-Skill,I-Skill
to,O,O
validate,B-Skill,O
data,I-Skill,O
and,I-Skill,O
reports,I-Skill,O
.,O,O
exchange,O,O
only,O,O
UNK,O,O
senior,O,O
executives,O,O
with,O,O
the,O,O
highest,O,O
credentials,O,O
and,O,O
service,O,O
providers,O,O
with,O,O
the,O,O
most,O,O
UNK,O,B-Skill
capabilities,O,O
.,O,O
experience,O,O
essential,O,O
UNK,O,O
qualified,O,O
",",O,O
at,O,O
least,O,O
2,O,O
years,O,O
post,O,O
qualified,O,O
experience,O,O
",",O,O
be,O,O
UNK,B-Skill,O
",",O,O
strong,O,O
communication,B-Skill,B-Skill
skills,I-Skill,I-Skill
desirable,O,O
UNK,B-Skill,O
experience,O,O
",",O,O
a,B-Skill,O
e,I-Skill,O
experience,O,O
",",O,O
family,B-Skill,O
planning,I-Skill,O
or,O,O
UNK,B-Skill,O
experience,O,O
",",O,O
current,O,O
ils,O,O
certificate,O,O
experience,O,O
in,O,O
the,O,O
automotive,O,B-Skill
industry,O,O
is,O,O
a,O,O
must,O,O
as,O,O
a,O,O
service,O,O
advisor,O,O
along,O,O
with,O,O
a,O,O
driving,O,O
UNK,O,O
.,O,O
experience,O,O
in,O,O
this,O,O
market,O,O
would,O,O
be,O,O
useful,O,O
but,O,O
resilience,B-Skill,O
",",O,O
drive,B-Skill,O
and,O,O
enthusiasm,B-Skill,O
will,O,O
be,O,O
the,O,O
deciding,O,O
factor,O,O
along,O,O
with,O,O
face,B-Skill,O
to,I-Skill,O
face,I-Skill,O
business,I-Skill,B-Skill
sales,I-Skill,I-Skill
presentation,I-Skill,O
skills,I-Skill,O
.,O,O
experience,O,O
of,O,O
a,O,O
new,O,O
product,B-Skill,B-Skill
development,I-Skill,I-Skill
environment,O,O
i,O,O
.,O,O
e,O,O
.,O,O
quality,B-Skill,O
control,I-Skill,O
procedures,I-Skill,O
.,O,O
experience,O,O
of,O,O
billing,B-Skill,B-Skill
and,I-Skill,O
invoicing,I-Skill,O
reconciliation,I-Skill,O
processes,O,O
for,O,O
UNK,B-Skill,O
",",O,O
UNK,B-Skill,O
and,O,O
UNK,B-Skill,O
organisations,O,O
is,O,O
key,O,O
experience,O,O
of,O,O
driving,B-Skill,O
sales,I-Skill,O
activity,I-Skill,O
through,O,O
the,O,O
planning,B-Skill,O
and,I-Skill,O
implementation,I-Skill,O
of,O,O
lead,B-Skill,O
generation,I-Skill,O
campaigns,I-Skill,O
is,O,O
essential,O,O
as,O,O
is,O,O
UNK,O,O
operational,B-Skill,O
gym,I-Skill,B-Skill
management,I-Skill,I-Skill
experience,O,O
.,O,O
experience,O,O
within,O,O
the,O,O
pharmaceutical,B-Skill,B-Skill
or,O,O
cro,B-Skill,O
setting,O,O
working,O,O
with,O,O
quality,B-Skill,O
systems,I-Skill,O
.,O,O
experience,O,O
working,B-Skill,O
with,I-Skill,O
multiple,I-Skill,O
UNK,I-Skill,O
within,I-Skill,O
single,I-Skill,O
reports,I-Skill,O
",",O,O
and,O,O
handling,B-Skill,O
the,I-Skill,B-Skill
exceptions,I-Skill,O
these,O,O
produce,O,O
.,O,O
extensive,O,O
experience,O,O
in,O,O
a,O,O
supply,B-Skill,O
chain,I-Skill,O
management,I-Skill,O
including,O,O
stock,B-Skill,O
analysis,I-Skill,O
",",O,O
pricing,B-Skill,O
models,I-Skill,O
",",O,O
shipping,B-Skill,O
",",O,O
kpi,B-Skill,O
reporting,I-Skill,O
on,I-Skill,O
suppliers,I-Skill,O
",",O,O
and,O,O
proven,O,O
ability,B-Skill,O
to,I-Skill,O
reduce,I-Skill,O
costs,I-Skill,O
in,O,O
this,O,O
area,O,O
.,O,O
foot,O,O
note,O,O
:,O,O
if,O,O
your,O,O
application,O,O
is,O,O
successful,O,O
we,O,O
will,O,O
contact,O,O
you,O,O
to,O,O
discuss,O,O
the,O,O
opportunity,O,O
in,O,O
more,O,O
detail,O,O
within,O,O
for,O,O
a,O,O
truly,O,O
exceptional,O,O
candidate,O,O
there,O,O
may,O,O
be,O,O
a,O,O
UNK,O,B-Skill
flexibility,O,O
on,O,O
salary,O,O
.,O,O
for,O,O
ambitious,B-Skill,O
and,O,O
talented,B-Skill,O
sales,O,O
professionals,O,O
",",O,O
there,O,O
is,O,O
an,O,O
UNK,O,O
career,O,O
path,O,O
to,O,O
management,O,O
level,O,O
",",O,O
and,O,O
UNK,O,O
opportunity,O,O
to,O,O
earn,O,O
.,O,O
for,O,O
immediate,O,O
consideration,O,O
please,O,O
call,O,O
UNK,O,O
UNK,O,O
on,O,O
UNK,O,O
contact,O,O
details,O,O
UNK,O,O
UNK,O,O
quoting,O,O
for,O,O
more,O,O
information,O,O
",",O,O
visit,O,O
www,O,O
.,O,O
UNK,O,O
.,O,O
co,O,O
.,O,O
uk,O,O
and,O,O
we,O,O
UNK,O,O
ll,O,O
make,O,O
sure,O,O
we,O,O
do,O,O
our,O,O
best,O,O
to,O,O
find,O,O
you,O,O
the,O,O
perfect,O,O
marketing,B-Skill,B-Skill
role,O,O
.,O,O
for,O,O
more,O,O
information,O,O
or,O,O
to,O,O
apply,O,O
",",O,O
please,O,O
contact,O,O
UNK,O,O
UNK,O,O
on,O,O
:,O,O
for,O,O
more,O,O
job,O,O
vacancies,O,O
",",O,O
please,O,O
go,O,O
to,O,O
our,O,O
web,O,O
site,O,O
at,O,O
:,O,O
http,O,O
UNK,O,O
www,O,O
.,O,O
UNK,O,O
.,O,O
com,O,O
/,O,O
vacancies,O,O
for,O,O
the,O,O
position,O,O
of,O,O
electronic,O,B-Skill
design,O,I-Skill
engineer,O,O
you,O,O
will,O,O
design,B-Skill,O
and,I-Skill,O
develop,I-Skill,O
both,I-Skill,O
analogue,I-Skill,O
and,I-Skill,O
digital,I-Skill,O
circuits,I-Skill,O
and,I-Skill,O
systems,I-Skill,O
including,O,O
control,B-Skill,O
systems,I-Skill,O
and,O,O
sensors,B-Skill,O
.,O,O
for,O,O
these,O,O
and,O,O
other,O,O
vacancies,O,O
call,O,O
us,O,O
immediately,O,O
or,O,O
email,O,O
your,O,O
cv,O,O
UNK,O,O
forecasting,B-Skill,O
demand,I-Skill,O
and,I-Skill,O
capacity,I-Skill,O
with,I-Skill,O
factories,I-Skill,O
managing,I-Skill,O
this,I-Skill,O
process,I-Skill,O
with,I-Skill,O
your,I-Skill,O
internal,I-Skill,O
team,I-Skill,O
.,O,O
generate,B-Skill,O
sponsorship,I-Skill,B-Skill
sales,I-Skill,I-Skill
revenue,I-Skill,O
in,O,O
line,O,O
with,O,O
agreed,O,O
targets,O,O
objectives,O,O
work,O,O
with,O,O
sales,O,O
manager,O,O
to,O,O
ensure,O,O
agreed,O,O
key,B-Skill,O
performance,I-Skill,O
indicators,I-Skill,O
kpis,I-Skill,O
given,O,O
the,O,O
nature,O,O
of,O,O
the,O,O
role,O,O
it,O,O
is,O,O
essential,O,O
that,O,O
you,O,O
are,O,O
able,O,O
to,O,O
demonstrate,O,O
the,O,O
ability,B-Skill,O
to,I-Skill,O
hit,I-Skill,O
the,I-Skill,O
ground,I-Skill,O
running,I-Skill,O
here,O,O
.,O,O
good,O,O
communication,B-Skill,O
and,O,O
influencing,B-Skill,O
skills,O,O
ability,O,O
to,O,O
embrace,B-Skill,O
and,I-Skill,O
apply,I-Skill,O
leading,I-Skill,O
practice,I-Skill,O
tools,I-Skill,O
and,I-Skill,O
techniques,I-Skill,O
proven,O,O
customer,B-Skill,O
service,I-Skill,O
orientation,O,O
and,O,O
collaborative,B-Skill,O
approach,O,O
hcl,O,O
UNK,O,O
UNK,O,O
s,O,O
client,O,O
",",O,O
a,O,O
leading,O,O
oncology,B-Skill,O
clinic,O,O
in,O,O
london,O,O
",",O,O
is,O,O
looking,O,O
for,O,O
a,O,O
senior,O,O
staff,O,O
nurse,O,O
to,O,O
work,O,O
in,O,O
their,O,O
specialist,O,O
oncology,B-Skill,O
UNK,I-Skill,O
UNK,I-Skill,O
clinic,O,O
.,O,O
have,O,O
a,O,O
good,O,O
strong,O,O
working,O,O
knowledge,O,O
of,O,O
quality,B-Skill,B-Skill
management,I-Skill,I-Skill
systems,I-Skill,O
and,O,O
ability,O,O
to,O,O
implement,B-Skill,O
it,O,O
in,O,O
the,O,O
business,O,O
.,O,O
have,O,O
excellent,O,O
attention,B-Skill,B-Skill
to,I-Skill,I-Skill
detail,I-Skill,I-Skill
and,O,O
problem,B-Skill,B-Skill
solving,I-Skill,I-Skill
skills,O,O
.,O,O
have,O,O
excellent,O,O
knowledge,O,O
of,O,O
the,O,O
drug,B-Skill,O
development,I-Skill,O
process,I-Skill,O
have,O,O
working,O,O
knowledge,O,O
of,O,O
good,O,O
manufacturing,B-Skill,O
practice,O,O
have,O,O
a,O,O
hands,B-Skill,O
on,I-Skill,O
attitude,I-Skill,O
and,O,O
adaptable,B-Skill,O
approach,O,O
.,O,O
here,O,O
",",O,O
you,O,O
will,O,O
have,O,O
enough,O,O
autonomy,O,O
to,O,O
define,O,O
your,O,O
own,O,O
role,O,O
.,O,O
highly,O,O
numerate,B-Skill,O
with,O,O
strong,O,O
data,B-Skill,B-Skill
collection,I-Skill,I-Skill
",",O,O
analytical,B-Skill,O
and,O,O
financial,B-Skill,O
skills,O,O
home,O,O
working,O,O
",",O,O
pension,O,O
scheme,O,O
",",O,O
UNK,O,O
",",O,O
30,O,O
days,O,O
holiday,O,O
",",O,O
new,O,O
technologies,O,O
identifying,B-Skill,O
and,I-Skill,O
assess,I-Skill,O
good,I-Skill,O
clinical,I-Skill,O
practice,I-Skill,O
UNK,I-Skill,B-Skill
and,O,O
ensure,B-Skill,O
correct,I-Skill,O
action,I-Skill,O
are,I-Skill,O
agreed,I-Skill,O
and,O,O
followed,O,O
up,O,O
effectively,O,O
.,O,O
if,O,O
this,O,O
position,O,O
is,O,O
not,O,O
for,O,O
you,O,O
check,O,O
out,O,O
for,O,O
if,O,O
you,O,O
are,O,O
interested,O,O
in,O,O
applying,O,O
for,O,O
this,O,O
position,O,O
please,O,O
email,O,O
your,O,O
cv,O,O
to,O,O
UNK,O,O
.,O,O
com,O,O
if,O,O
you,O,O
are,O,O
interested,O,O
in,O,O
applying,O,O
for,O,O
this,O,O
role,O,O
within,O,O
ata,O,O
",",O,O
please,O,O
forward,O,O
your,O,O
cv,O,O
to,O,O
all,O,O
UNK,O,O
will,O,O
be,O,O
UNK,O,O
with,O,O
in,O,O
the,O,O
UNK,O,O
of,O,O
confidence,O,O
if,O,O
you,O,O
are,O,O
looking,O,O
to,O,O
quickly,O,O
gain,O,O
experience,O,O
and,O,O
work,O,O
in,O,O
exciting,O,O
new,O,O
locations,O,O
",",O,O
please,O,O
contact,O,O
UNK,O,O
healthcare,O,O
today,O,O
",",O,O
on,O,O
n,O,O
/,O,O
a,O,O
or,O,O
email,O,O
UNK,O,O
n,O,O
/,O,O
a,O,O
.,O,O
uk,O,O
if,O,O
you,O,O
have,O,O
demonstrable,O,O
",",O,O
successful,O,O
background,O,O
in,O,O
dynamics,B-Skill,B-Skill
crm,I-Skill,O
development,I-Skill,O
",",O,O
then,O,O
my,O,O
client,O,O
will,O,O
want,O,O
to,O,O
hear,O,O
from,O,O
you,O,O
to,O,O
discuss,O,O
this,O,O
and,O,O
other,O,O
exciting,O,O
ms,B-Skill,O
crm,I-Skill,O
/,O,O
dynamics,B-Skill,O
crm,I-Skill,O
opportunities,O,O
in,O,O
more,O,O
detail,O,O
please,O,O
send,O,O
your,O,O
cv,O,O
to,O,O
click,O,O
here,O,O
to,O,O
contact,O,O
this,O,O
recruiter,O,O
or,O,O
call,O,O
UNK,O,O
UNK,O,O
on,O,O
if,O,O
you,O,O
re,O,O
not,O,O
keen,O,O
on,O,O
progressing,O,O
to,O,O
a,O,O
UNK,B-Skill,B-Skill
UNK,O,B-Skill
and,O,O
would,O,O
rather,O,O
just,O,O
stay,O,O
and,O,O
develop,O,O
",",O,O
that,O,O
is,O,O
also,O,O
fine,O,O
by,O,O
them,O,O
.,O,O
if,O,O
you,O,O
would,O,O
like,O,O
to,O,O
apply,O,O
for,O,O
this,O,O
post,O,O
please,O,O
call,O,O
UNK,O,O
at,O,O
UNK,O,O
on,O,O
if,O,O
you,O,O
would,O,O
like,O,O
to,O,O
be,O,O
considered,O,O
for,O,O
this,O,O
role,O,O
",",O,O
or,O,O
know,O,O
more,O,O
information,O,O
",",O,O
please,O,O
send,O,O
your,O,O
cv,O,O
through,O,O
to,O,O
us,O,O
UNK,O,O
by,O,O
applying,O,O
for,O,O
this,O,O
advert,O,O
morgan,O,O
hunt,O,O
is,O,O
a,O,O
multi,O,O
award,O,O
winning,O,O
employment,O,O
business,O,O
for,O,O
interim,O,O
",",O,O
contract,O,O
and,O,O
temporary,O,O
recruitment,B-Skill,O
and,O,O
acts,O,O
as,O,O
an,O,O
employment,O,O
agency,O,O
in,O,O
relation,O,O
to,O,O
permanent,O,O
vacancies,O,O
.,O,O
if,O,O
your,O,O
application,O,O
is,O,O
UNK,O,B-Skill
",",O,O
the,O,O
information,O,O
supplied,O,O
may,O,O
still,O,O
be,O,O
retained,O,O
for,O,O
use,O,O
in,O,O
connection,O,O
with,O,O
future,O,O
vacancies,O,O
.,O,O
implement,B-Skill,O
",",O,O
maintain,B-Skill,O
",",O,O
upgrade,B-Skill,O
",",O,O
extend,B-Skill,O
",",O,O
monitor,B-Skill,O
and,O,O
manage,B-Skill,O
local,I-Skill,O
engineering,I-Skill,O
it,I-Skill,O
services,I-Skill,O
including,O,O
infrastructure,B-Skill,O
",",O,O
file,B-Skill,O
",",O,O
application,B-Skill,O
",",O,O
and,O,O
backup,B-Skill,O
servers,I-Skill,O
deploy,I-Skill,O
and,I-Skill,O
maintain,I-Skill,O
lab,I-Skill,O
equipment,I-Skill,O
implement,B-Skill,O
and,I-Skill,O
administer,I-Skill,O
lab,I-Skill,O
management,I-Skill,O
facilities,I-Skill,O
including,O,O
remote,B-Skill,O
access,I-Skill,O
and,O,O
power,B-Skill,O
control,I-Skill,O
essential,O,O
skills,O,O
for,O,O
this,O,O
role,O,O
are,O,O
:,O,O
linux,B-Skill,B-Skill
system,I-Skill,B-Skill
administration,I-Skill,I-Skill
including,O,O
UNK,B-Skill,O
",",O,O
dns,B-Skill,O
",",O,O
dhcp,B-Skill,O
",",O,O
UNK,B-Skill,O
",",O,O
apache,B-Skill,O
",",O,O
UNK,B-Skill,O
",",O,O
ssh,B-Skill,O
and,O,O
UNK,B-Skill,O
linux,I-Skill,B-Skill
UNK,I-Skill,O
debian,I-Skill,O
",",O,O
ubuntu,B-Skill,B-Skill
",",O,O
centos,B-Skill,B-Skill
",",O,O
redhat,B-Skill,O
UNK,I-Skill,O
scripts,I-Skill,O
ethernet,I-Skill,O
local,I-Skill,O
area,I-Skill,O
networking,I-Skill,B-Skill
including,O,O
UNK,B-Skill,O
ip,I-Skill,O
routing,I-Skill,O
candidates,O,O
with,O,O
the,O,O
relevant,O,O
skills,O,O
and,O,O
experience,O,O
will,O,O
be,O,O
UNK,O,O
immediately,O,O
.,O,O
in,O,O
addition,O,O
to,O,O
a,O,O
competitive,O,O
salary,O,O
there,O,O
are,O,O
excellent,O,O
benefits,O,O
including,O,O
bonus,O,O
and,O,O
car,O,O
and,O,O
excellent,O,O
opportunities,O,O
for,O,O
progression,O,O
.,O,O
in,O,O
return,O,O
",",O,O
you,O,O
ll,O,O
enjoy,O,O
a,O,O
wide,O,O
range,O,O
of,O,O
benefits,O,O
including,O,O
a,O,O
quarterly,O,O
performance,O,O
bonus,O,O
and,O,O
UNK,O,O
days,O,O
holiday,O,O
.,O,O
in,O,O
return,O,O
",",O,O
you,O,O
will,O,O
be,O,O
given,O,O
a,O,O
great,O,O
opportunity,O,O
to,O,O
work,O,O
in,O,O
a,O,O
talented,B-Skill,O
and,O,O
passionate,B-Skill,O
team,O,O
who,O,O
will,O,O
be,O,O
delivering,B-Skill,O
the,I-Skill,O
next,I-Skill,O
solution,I-Skill,O
for,O,O
a,O,O
successful,O,O
company,O,O
.,O,O
in,O,O
return,O,O
you,O,O
will,O,O
receive,O,O
training,O,O
",",O,O
career,O,B-Skill
development,O,I-Skill
and,O,O
professional,O,O
support,O,O
to,O,O
help,O,O
maximise,O,O
your,O,O
potential,O,O
.,O,O
it,O,O
UNK,B-Skill,O
its,I-Skill,O
expertise,I-Skill,O
into,I-Skill,O
tangible,I-Skill,O
benefits,I-Skill,O
for,O,O
its,O,O
customers,O,O
",",O,O
thus,O,O
helping,O,O
them,O,O
to,O,O
be,O,O
more,O,O
competitive,O,O
.,O,O
it,O,O
is,O,O
close,O,O
a,O,O
to,O,O
UNK,O,O
line,O,O
and,O,O
UNK,O,O
UNK,O,B-Skill
city,O,O
line,O,O
UNK,O,O
station,O,O
.,O,O
it,O,O
is,O,O
envisaged,O,O
that,O,O
the,O,O
successful,O,O
candidate,O,O
will,O,O
currently,O,O
be,O,O
working,O,O
on,O,O
plant,B-Skill,O
and,I-Skill,O
equipment,I-Skill,O
",",O,O
highly,O,O
UNK,O,O
within,O,O
a,O,O
maintenance,B-Skill,O
environment,O,O
",",O,O
and,O,O
will,O,O
demonstrate,O,O
experience,O,O
of,O,O
working,O,O
with,O,O
materials,B-Skill,O
handling,I-Skill,O
equipment,I-Skill,O
",",O,O
automatic,B-Skill,O
process,I-Skill,O
equipment,I-Skill,O
with,O,O
a,O,O
solid,O,O
mechanical,B-Skill,O
background,O,O
.,O,O
it,O,O
is,O,O
likely,O,O
that,O,O
you,O,O
will,O,O
be,O,O
qualified,O,O
to,O,O
nvq,O,O
level,O,O
3,O,O
or,O,O
equivalent,O,O
.,O,O
job,O,O
complexity,O,O
ability,B-Skill,O
to,I-Skill,O
target,I-Skill,O
",",I-Skill,O
qualify,I-Skill,O
and,I-Skill,O
potentially,I-Skill,O
close,I-Skill,O
opportunities,I-Skill,O
requires,O,O
specialized,O,O
emea,B-Skill,O
market,I-Skill,O
knowledge,O,O
joint,B-Skill,O
sales,I-Skill,O
campaigns,I-Skill,O
with,O,O
partners,B-Skill,O
to,I-Skill,O
partners,I-Skill,O
prospect,I-Skill,O
list,I-Skill,O
support,I-Skill,O
of,I-Skill,O
campaigns,I-Skill,O
into,I-Skill,O
major,I-Skill,O
accounts,I-Skill,O
to,O,O
expand,B-Skill,O
knowledge,I-Skill,O
and,I-Skill,O
awareness,I-Skill,O
within,O,O
those,O,O
accounts,O,O
event,B-Skill,O
pre,I-Skill,O
call,I-Skill,O
and,I-Skill,O
UNK,I-Skill,O
event,I-Skill,O
follow,I-Skill,O
up,I-Skill,O
of,I-Skill,O
leads,I-Skill,O
follow,I-Skill,O
up,I-Skill,O
and,I-Skill,O
management,I-Skill,O
of,I-Skill,O
deals,I-Skill,O
in,O,O
deal,B-Skill,B-Skill
registration,I-Skill,I-Skill
system,I-Skill,O
contact,I-Skill,O
point,I-Skill,O
for,O,O
certain,O,O
partners,O,O
primary,O,O
duties,O,O
and,O,O
responsibilities,O,O
focus,B-Skill,O
on,I-Skill,O
developing,I-Skill,O
business,I-Skill,O
within,O,O
enterprise,O,O
accounts,O,O
and,O,O
maximize,B-Skill,O
opportunities,I-Skill,O
in,O,O
installed,O,O
base,O,O
work,O,O
closely,O,O
with,O,O
regional,O,O
sales,O,O
managers,O,O
and,O,O
channel,B-Skill,O
partners,I-Skill,O
to,O,O
identify,B-Skill,O
",",O,O
position,B-Skill,O
",",O,O
and,O,O
sell,B-Skill,O
product,I-Skill,O
value,I-Skill,O
.,O,O
key,O,O
skills,O,O
ms,B-Skill,O
windows,I-Skill,O
server,I-Skill,O
and,O,O
desktop,B-Skill,O
technologies,I-Skill,O
active,I-Skill,O
directory,I-Skill,O
design,I-Skill,O
",",O,O
admin,B-Skill,O
",",O,O
and,O,O
architecture,B-Skill,B-Skill
ms,I-Skill,O
exchange,I-Skill,O
server,I-Skill,O
backup,I-Skill,O
and,I-Skill,O
restore,I-Skill,O
technologies,I-Skill,O
in,O,O
a,O,O
ms,B-Skill,O
windows,I-Skill,O
environment,O,B-Skill
administration,B-Skill,I-Skill
scripting,I-Skill,O
skills,I-Skill,O
in,O,O
ms,B-Skill,O
windows,I-Skill,O
vb,I-Skill,O
knowledge,O,O
of,O,O
budgets,B-Skill,O
",",O,O
estimates,B-Skill,O
",",O,O
contract,B-Skill,B-Skill
UNK,I-Skill,I-Skill
and,O,O
financial,B-Skill,O
controls,I-Skill,O
.,O,O
leading,B-Skill,O
continuous,I-Skill,O
improvement,I-Skill,O
in,I-Skill,O
business,I-Skill,B-Skill
operations,I-Skill,I-Skill
with,O,O
attention,O,B-Skill
to,O,I-Skill
our,O,O
warehouse,O,O
team,O,O
and,O,O
suppliers,O,O
.,O,O
linux,O,B-Skill
systems,O,O
administrator,O,O
/,O,O
engineer,O,O
required,O,O
on,O,O
a,O,O
permanent,O,O
basis,O,O
working,O,O
for,O,O
a,O,O
large,O,O
it,O,O
software,O,O
company,O,O
with,O,O
a,O,O
great,O,O
working,O,O
environment,O,O
based,O,O
in,O,O
cambridge,O,O
.,O,O
london,O,O
/,O,O
finance,O,B-Skill
/,O,O
south,O,O
east,O,O
/,O,O
UNK,O,O
/,O,O
UNK,O,O
/,O,O
hertfordshire,O,O
/,O,O
UNK,O,O
/,O,O
UNK,O,O
/,O,O
surrey,O,O
/,O,O
UNK,O,O
/,O,O
UNK,O,O
/,O,O
kent,O,O
/,O,O
square,O,O
mile,O,O
/,O,O
city,O,O
of,O,O
london,O,O
ms,B-Skill,O
dynamics,I-Skill,B-Skill
crm,I-Skill,O
/,O,O
crm,B-Skill,O
/,O,O
microsoft,B-Skill,O
dynamics,I-Skill,B-Skill
crm,I-Skill,O
/,O,O
dynamics,B-Skill,O
crm,I-Skill,O
/,O,O
developer,O,O
/,O,O
programmer,O,O
/,O,O
technical,O,O
consultant,O,O
/,O,O
analyst,O,O
/,O,O
architect,O,O
/,O,O
application,O,O
consultant,O,O
/,O,O
UNK,O,O
is,O,O
a,O,O
specialist,O,O
recruitment,O,O
consultancy,O,O
with,O,O
a,O,O
rich,O,O
history,O,O
of,O,O
resourcing,O,O
professionals,O,O
in,O,O
the,O,O
areas,O,O
of,O,O
hr,O,O
training,O,O
",",O,O
finance,O,B-Skill
",",O,O
procurement,O,O
supply,O,O
chain,O,O
and,O,O
sales,O,O
marketing,O,O
.,O,O
UNK,O,O
",",O,O
UNK,O,O
this,O,O
company,O,O
seek,O,O
someone,O,O
who,O,O
is,O,O
an,O,O
UNK,O,O
new,O,O
business,O,O
developer,O,O
",",O,O
ideally,O,O
from,O,O
an,O,O
it,O,O
solutions,O,O
/,O,O
hardware,O,O
or,O,O
software,O,O
background,O,O
.,O,O
management,B-Skill,O
of,I-Skill,O
all,I-Skill,O
areas,I-Skill,O
of,I-Skill,O
distribution,I-Skill,O
UNK,O,O
and,O,O
international,O,O
and,O,O
negotiation,B-Skill,O
of,I-Skill,O
best,I-Skill,O
rate,I-Skill,O
UNK,I-Skill,O
with,I-Skill,O
distribution,I-Skill,O
suppliers,I-Skill,O
.,O,O
may,O,O
independently,B-Skill,O
verify,I-Skill,O
",",I-Skill,O
investigate,I-Skill,O
and,I-Skill,O
solve,I-Skill,O
complex,I-Skill,O
problems,I-Skill,B-Skill
capability,O,I-Skill
to,O,O
work,B-Skill,O
with,I-Skill,O
sales,I-Skill,O
team,I-Skill,O
",",I-Skill,O
partners,I-Skill,O
and,I-Skill,O
agencies,I-Skill,O
michael,O,O
page,O,O
is,O,O
currently,O,O
recruiting,O,O
for,O,O
a,O,O
quality,O,O
assurance,O,O
manager,O,O
to,O,O
work,O,O
in,O,O
london,O,O
in,O,O
the,O,O
biotechnology,O,B-Skill
industry,O,O
role,O,O
description,O,O
as,O,O
a,O,O
quality,O,O
assurance,O,O
manager,O,O
you,O,O
will,O,O
be,O,O
in,O,O
charge,O,O
of,O,O
trainee,O,O
quality,O,O
assurance,O,O
advisors,O,O
",",O,O
quality,O,O
assurance,O,O
advisors,O,O
and,O,O
senior,O,O
quality,O,O
assurance,O,O
advisors,O,O
to,O,O
ensure,B-Skill,O
that,I-Skill,O
procedures,I-Skill,O
are,I-Skill,O
performed,I-Skill,O
in,I-Skill,O
compliance,I-Skill,O
with,I-Skill,O
standard,I-Skill,O
operating,I-Skill,O
procedures,I-Skill,O
.,O,O
UNK,O,O
hr,O,O
UNK,O,O
s,O,O
UNK,O,O
UNK,O,O
using,O,O
business,B-Skill,B-Skill
objects,I-Skill,I-Skill
UNK,I-Skill,O
work,O,O
closely,O,O
with,O,O
the,O,O
hr,B-Skill,O
systems,I-Skill,O
and,O,O
establishment,B-Skill,O
teams,I-Skill,O
",",O,O
production,B-Skill,O
of,I-Skill,O
reports,I-Skill,O
and,I-Skill,O
publications,I-Skill,O
is,O,O
required,O,O
which,O,O
will,O,O
be,O,O
scheduled,O,O
for,O,O
regular,O,O
distribution,O,O
.,O,O
must,O,O
be,O,O
independent,B-Skill,O
",",O,O
UNK,B-Skill,O
and,O,O
UNK,B-Skill,O
",",O,O
yet,O,O
willing,B-Skill,O
to,I-Skill,O
work,I-Skill,O
within,I-Skill,O
a,I-Skill,O
team,I-Skill,O
environment,I-Skill,O
.,O,O
must,O,O
have,O,O
at,O,O
least,O,O
8,O,O
years,O,O
experience,O,O
with,O,O
knowledge,O,O
of,O,O
full,B-Skill,O
systems,I-Skill,O
software,I-Skill,B-Skill
development,I-Skill,I-Skill
lifecycle,I-Skill,O
and,O,O
use,B-Skill,O
case,I-Skill,O
development,I-Skill,O
and,O,O
analysis,B-Skill,O
.,O,O
my,O,O
client,O,O
is,O,O
a,O,O
highly,O,O
successful,B-Skill,O
",",O,O
multinational,B-Skill,O
healthcare,O,O
provider,O,O
with,O,O
an,O,O
excellent,B-Skill,O
reputation,I-Skill,O
within,O,O
the,O,O
healthcare,O,O
sector,O,O
amongst,O,O
it,O,O
UNK,O,O
s,O,O
wide,O,O
range,O,O
of,O,O
clients,O,O
.,O,O
my,O,O
client,O,O
is,O,O
a,O,O
leading,O,O
1st,O,O
tier,O,O
manufacturer,O,O
of,O,O
components,O,O
for,O,O
the,O,O
automotive,O,B-Skill
oem,O,O
UNK,O,O
s,O,O
.,O,O
my,O,O
client,O,O
is,O,O
looking,O,O
to,O,O
hire,O,O
a,O,O
helpdesk,O,B-Skill
team,O,O
leader,O,O
on,O,O
a,O,O
permanent,O,O
12,O,O
month,O,O
fixed,O,O
term,O,O
UNK,O,O
.,O,O
UNK,O,O
UNK,O,O
in,O,O
UNK,O,O
",",O,O
UNK,O,O
",",O,O
UNK,O,O
",",O,O
east,O,O
UNK,O,O
",",O,O
UNK,O,O
UNK,O,O
",",O,O
UNK,O,O
UNK,O,O
.,O,O
UNK,O,O
UNK,O,O
international,O,O
ltd,O,O
is,O,O
acting,O,O
as,O,O
an,O,O
employment,O,O
agency,O,O
in,O,O
relation,O,O
to,O,O
this,O,O
vacancy,O,O
.,O,O
UNK,O,O
UNK,O,O
international,O,O
is,O,O
the,O,O
leading,O,O
microsoft,B-Skill,B-Skill
dynamics,I-Skill,B-Skill
recruitment,O,O
firm,O,O
in,O,O
the,O,O
uk,O,O
",",O,O
advertising,O,B-Skill
more,O,O
dynamics,B-Skill,B-Skill
crm,I-Skill,O
jobs,O,O
than,O,O
any,O,O
other,O,O
agency,O,O
.,O,O
no,O,O
previous,O,O
experience,O,O
is,O,O
necessary,O,O
as,O,O
we,O,O
offer,O,O
full,O,O
training,O,O
.,O,O
on,O,O
a,O,O
daily,O,O
basis,O,O
you,O,O
will,O,O
be,O,O
proactively,B-Skill,O
selling,I-Skill,O
sponsorship,O,O
packages,O,O
for,O,O
our,O,O
leading,O,O
edge,O,O
product,O,O
portfolio,O,O
to,O,O
existing,O,O
and,O,O
potential,O,O
UNK,O,O
exchange,O,O
partners,O,O
over,O,O
the,O,O
telephone,O,O
.,O,O
on,O,O
an,O,O
ongoing,O,O
basis,O,O
",",O,O
you,O,O
will,O,O
provide,O,O
ad,O,O
hoc,O,O
and,O,O
monthly,O,O
analysis,B-Skill,O
and,O,O
deal,B-Skill,O
directly,I-Skill,O
with,I-Skill,O
agencies,I-Skill,O
and,I-Skill,O
clients,I-Skill,O
as,O,O
and,O,O
when,O,O
required,O,O
.,O,O
one,O,O
of,O,O
our,O,O
consultants,O,O
will,O,O
be,O,O
appointed,O,O
to,O,O
work,O,O
with,O,O
you,O,O
so,O,O
we,O,O
can,O,O
help,O,O
you,O,O
through,O,O
the,O,O
whole,O,O
hiring,O,O
process,O,O
.,O,O
operating,O,O
within,O,O
the,O,O
financial,O,O
services,O,O
industry,O,O
",",O,O
the,O,O
chosen,O,O
crm,O,O
developer,O,O
will,O,O
be,O,O
working,O,O
with,O,O
the,O,O
latest,O,O
technologies,B-Skill,O
alongside,O,O
proven,O,O
microsoft,O,O
mvp,O,O
s,O,O
.,O,O
organise,B-Skill,O
and,I-Skill,O
control,I-Skill,O
production,I-Skill,O
of,I-Skill,O
key,I-Skill,O
reports,I-Skill,O
ensure,I-Skill,O
patches,I-Skill,O
",",I-Skill,O
fixes,I-Skill,O
",",I-Skill,O
upgrades,I-Skill,O
and,I-Skill,O
modifications,I-Skill,O
to,I-Skill,O
the,I-Skill,O
departmental,I-Skill,O
systems,I-Skill,O
are,I-Skill,O
documented,I-Skill,O
and,O,O
ensure,B-Skill,O
control,I-Skill,O
procedures,I-Skill,O
are,I-Skill,O
in,I-Skill,O
place,I-Skill,O
support,I-Skill,O
",",I-Skill,O
maintain,I-Skill,O
and,I-Skill,O
assist,I-Skill,O
in,I-Skill,O
the,I-Skill,O
development,I-Skill,O
of,I-Skill,O
the,I-Skill,O
core,I-Skill,O
financial,I-Skill,O
systems,I-Skill,O
our,O,O
client,O,O
is,O,O
recognized,O,O
globally,O,O
as,O,O
a,O,O
market,O,O
leader,O,O
in,O,O
the,O,O
provision,O,O
of,O,O
highest,O,O
quality,O,O
and,O,O
efficient,O,O
materials,B-Skill,O
handling,I-Skill,O
and,O,O
UNK,B-Skill,O
solutions,I-Skill,O
for,O,O
a,O,O
diverse,O,O
range,O,O
of,O,O
applications,O,O
",",O,O
and,O,O
as,O,O
a,O,O
result,O,O
of,O,O
a,O,O
recent,O,O
expansion,O,O
exercise,O,O
and,O,O
an,O,O
ongoing,O,O
planned,O,O
programme,O,O
of,O,O
continuous,O,O
strategic,O,O
growth,O,O
",",O,O
an,O,O
urgent,O,O
need,O,O
has,O,O
arisen,O,O
to,O,O
recruit,O,O
an,O,O
enthusiastic,B-Skill,O
and,O,O
highly,O,O
capable,B-Skill,O
field,O,O
service,O,O
professional,O,O
to,O,O
UNK,O,O
their,O,O
established,O,O
and,O,O
successful,O,O
team,O,O
.,O,O
our,O,O
client,O,O
is,O,O
the,O,B-Skill
fastest,O,O
growing,O,O
gym,O,O
chain,O,O
in,O,O
the,O,O
UNK,O,O
.,O,O
k,O,O
.,O,O
offering,O,O
UNK,O,B-Skill
facilities,O,O
for,O,O
outstanding,O,O
value,O,O
for,O,O
money,O,O
.,O,O
our,O,O
dedicated,O,O
team,O,O
is,O,O
looking,O,O
forward,O,O
to,O,O
meeting,O,O
you,O,O
our,O,O
goal,O,O
is,O,O
to,O,O
be,O,O
the,O,O
independent,O,O
UNK,O,O
platform,O,O
of,O,O
choice,O,O
.,O,O
our,O,O
standards,O,O
are,O,O
exceptionally,O,O
high,O,O
",",O,O
and,O,O
from,O,O
the,O,O
UNK,O,O
you,O,O
join,O,O
the,O,O
business,O,O
",",O,O
you,O,O
will,O,O
receive,O,O
world,O,O
class,O,O
training,B-Skill,O
and,O,O
development,B-Skill,O
in,O,O
order,O,O
to,O,O
help,O,O
you,O,O
achieve,B-Skill,O
excellence,I-Skill,O
.,O,O
overall,O,O
ownership,B-Skill,O
of,I-Skill,O
the,I-Skill,O
financial,I-Skill,O
control,I-Skill,O
environment,I-Skill,O
including,O,O
integrity,B-Skill,O
of,I-Skill,O
financial,I-Skill,O
processes,I-Skill,O
",",O,O
balance,B-Skill,O
sheet,I-Skill,O
and,O,O
cash,B-Skill,B-Skill
flow,I-Skill,I-Skill
management,I-Skill,I-Skill
and,O,O
cost,B-Skill,O
/,I-Skill,O
budget,I-Skill,O
control,I-Skill,O
coordinate,I-Skill,O
with,I-Skill,O
central,I-Skill,O
finance,I-Skill,B-Skill
team,I-Skill,O
to,O,O
ensure,B-Skill,O
reporting,I-Skill,O
and,O,O
forecasting,B-Skill,O
requirements,O,O
overall,O,O
responsibility,O,O
for,O,O
finished,B-Skill,O
goods,I-Skill,O
procurement,I-Skill,O
from,O,O
an,O,O
international,O,O
supply,O,O
base,O,O
.,O,O
overview,O,O
assist,B-Skill,O
the,O,O
transmission,O,O
delivery,O,O
manager,O,O
and,O,O
drive,B-Skill,O
delivery,I-Skill,O
of,I-Skill,O
the,I-Skill,O
transmission,I-Skill,O
to,I-Skill,O
special,I-Skill,O
events,I-Skill,O
and,I-Skill,O
corporates,I-Skill,O
.,O,O
UNK,O,O
",",O,O
UNK,O,O
a,O,O
fantastic,O,O
opportunity,O,O
has,O,O
arisen,O,O
for,O,O
an,O,O
art,O,O
director,O,O
to,O,O
join,O,O
an,O,O
amazing,O,O
fashion,O,O
and,O,O
beauty,O,O
company,O,O
based,O,O
in,O,O
UNK,O,O
.,O,O
UNK,O,O
",",O,O
UNK,O,O
blue,O,O
UNK,O,O
marketing,B-Skill,B-Skill
recruitment,I-Skill,O
specialises,O,O
in,O,O
marketing,B-Skill,B-Skill
jobs,O,O
across,O,O
creative,B-Skill,O
",",O,O
pr,B-Skill,O
",",O,O
UNK,B-Skill,O
",",O,O
account,B-Skill,O
handling,I-Skill,O
and,O,O
executive,B-Skill,O
.,O,O
UNK,O,O
healthcare,O,O
are,O,O
currently,O,O
recruiting,O,O
for,O,O
nhs,B-Skill,O
experienced,I-Skill,O
nurses,O,O
to,O,O
join,O,O
our,O,O
bank,O,O
.,O,O
please,O,O
note,O,O
our,O,O
UNK,O,O
use,O,O
UNK,O,O
/,O,O
salary,O,O
levels,O,O
purely,O,O
as,O,O
a,O,O
guide,O,O
.,O,O
possess,O,O
experience,O,O
of,O,O
design,B-Skill,O
build,I-Skill,O
/,O,O
plan,B-Skill,O
spec,I-Skill,O
formats,I-Skill,O
be,O,O
able,O,O
to,O,O
carry,B-Skill,O
out,I-Skill,O
your,I-Skill,O
own,I-Skill,O
UNK,I-Skill,O
be,O,O
experienced,O,O
in,O,O
using,O,O
bespoke,B-Skill,O
UNK,I-Skill,O
software,I-Skill,O
.,O,O
potentially,O,O
managing,B-Skill,O
multiple,I-Skill,O
sites,I-Skill,O
across,O,O
yorkshire,O,O
responsibility,B-Skill,O
for,I-Skill,O
health,I-Skill,O
significant,O,O
client,B-Skill,O
liaison,I-Skill,O
which,O,O
involves,O,O
providing,B-Skill,O
reports,I-Skill,O
and,O,O
progress,B-Skill,O
meetings,I-Skill,O
.,O,O
previous,O,O
experience,O,O
in,O,O
accounting,B-Skill,O
is,O,O
essential,O,O
",",O,O
ideally,O,O
derived,O,O
in,O,O
an,O,O
accounts,B-Skill,O
receivable,I-Skill,O
role,O,O
;,O,O
a,O,O
professional,O,O
UNK,O,O
qualification,O,O
",",O,O
either,O,O
full,O,O
or,O,O
UNK,O,O
is,O,O
advantageous,O,O
.,O,O
problem,B-Skill,B-Skill
solving,I-Skill,I-Skill
reports,I-Skill,O
method,I-Skill,O
improvement,I-Skill,O
efficiency,I-Skill,O
data,I-Skill,B-Skill
collection,I-Skill,I-Skill
set,I-Skill,O
up,I-Skill,O
UNK,I-Skill,O
proficient,O,O
use,O,O
of,O,O
ms,B-Skill,O
office,I-Skill,O
applications,I-Skill,O
fluency,O,O
in,O,O
german,B-Skill,O
and,O,O
english,B-Skill,O
proficient,O,O
with,O,O
microsoft,B-Skill,B-Skill
word,I-Skill,I-Skill
",",O,O
excel,B-Skill,O
",",O,O
outlook,B-Skill,O
;,O,O
salesforce,B-Skill,O
.,I-Skill,O
com,I-Skill,O
a,O,O
big,O,O
plus,O,O
.,O,O
project,B-Skill,O
reporting,I-Skill,O
/,I-Skill,O
reviews,I-Skill,O
awareness,O,O
of,O,O
microsoft,B-Skill,B-Skill
office,I-Skill,I-Skill
and,I-Skill,O
project,I-Skill,O
is,O,O
essential,O,O
benefits,O,O
benefits,O,O
proven,O,O
ability,O,O
to,O,O
influence,B-Skill,O
cross,I-Skill,O
functional,I-Skill,B-Skill
teams,I-Skill,I-Skill
and,I-Skill,O
suppliers,I-Skill,O
.,O,O
proven,O,O
commercial,B-Skill,O
track,I-Skill,O
record,I-Skill,O
in,O,O
capital,O,O
intensive,O,O
",",O,O
asset,O,O
rich,O,O
industries,O,O
proven,O,O
cost,B-Skill,B-Skill
reduction,I-Skill,I-Skill
experience,O,O
using,O,O
various,O,O
techniques,O,O
good,O,O
track,O,O
record,O,O
of,O,O
achieving,B-Skill,O
targets,I-Skill,O
and,O,O
project,B-Skill,O
based,I-Skill,O
deliverables,I-Skill,O
proven,O,O
track,O,O
record,O,O
maintaining,B-Skill,O
data,I-Skill,O
and,O,O
system,B-Skill,B-Skill
administration,I-Skill,I-Skill
configuration,I-Skill,O
within,O,O
UNK,B-Skill,O
.,O,O
provide,B-Skill,O
UNK,I-Skill,O
reports,I-Skill,O
and,O,O
project,B-Skill,O
files,I-Skill,O
for,O,O
use,O,O
by,O,O
management,O,O
.,O,O
pulse,O,O
supports,O,O
individuals,O,O
with,O,O
a,O,O
wide,O,O
range,O,O
of,O,O
UNK,O,O
with,O,O
all,O,O
aspects,O,O
of,O,O
life,O,O
;,O,O
from,O,O
personal,O,O
care,O,O
and,O,O
maintaining,O,O
their,O,O
home,O,O
to,O,O
taking,O,O
part,O,O
in,O,O
UNK,O,O
and,O,O
accessing,O,O
the,O,B-Skill
community,O,O
.,O,O
UNK,O,O
UNK,O,O
UNK,O,O
this,O,O
highly,O,O
respected,O,O
commercial,B-Skill,O
conferencing,I-Skill,O
company,O,O
require,O,O
a,O,O
senior,O,O
conference,O,O
producer,O,O
to,O,O
join,O,O
their,O,O
defence,B-Skill,O
team,O,O
.,O,O
recent,O,O
experience,O,O
in,O,O
a,O,O
high,B-Skill,O
tech,I-Skill,O
company,I-Skill,O
ability,O,O
to,O,O
develop,B-Skill,O
qualified,I-Skill,O
leads,I-Skill,O
for,I-Skill,O
the,I-Skill,O
sales,I-Skill,O
force,I-Skill,O
through,O,O
outbound,B-Skill,O
and,I-Skill,O
inbound,I-Skill,O
telephone,I-Skill,O
contact,I-Skill,O
with,O,O
limited,B-Skill,O
assistance,I-Skill,O
from,I-Skill,O
team,I-Skill,O
members,I-Skill,O
.,O,O
UNK,B-Skill,O
and,O,O
UNK,B-Skill,O
items,O,O
as,O,O
necessary,O,O
",",O,O
ensuring,B-Skill,O
the,I-Skill,O
client,I-Skill,O
is,I-Skill,O
provided,I-Skill,O
with,I-Skill,O
an,I-Skill,O
UNK,I-Skill,B-Skill
for,O,O
any,O,O
changes,O,O
.,O,O
red,B-Skill,O
hat,I-Skill,O
enterprise,I-Skill,O
linux,I-Skill,B-Skill
server,I-Skill,O
environments,I-Skill,O
vmware,I-Skill,O
UNK,I-Skill,O
technologies,I-Skill,O
collaboration,I-Skill,O
services,I-Skill,O
UNK,I-Skill,O
connect,I-Skill,O
",",O,O
google,B-Skill,O
",",O,O
dropbox,B-Skill,O
",",O,O
etc,O,O
.,O,O
regularly,O,O
update,B-Skill,O
regional,O,O
sales,O,O
managers,O,O
with,O,O
prospect,B-Skill,B-Skill
information,I-Skill,I-Skill
/,I-Skill,O
feedback,I-Skill,O
.,O,O
remain,O,O
knowledgeable,O,O
and,O,O
UNK,O,B-Skill
on,O,O
product,B-Skill,O
roadmap,I-Skill,O
",",O,O
industry,B-Skill,O
changes,I-Skill,O
",",O,O
and,O,O
competitive,B-Skill,O
landscape,I-Skill,O
.,O,O
reporting,O,O
to,O,O
the,O,O
field,O,O
service,O,O
controller,O,O
",",O,O
after,O,O
an,O,O
initial,O,O
training,O,O
and,O,O
induction,O,O
period,O,O
encompassing,O,O
all,O,O
aspects,O,O
of,O,O
health,O,O
and,O,O
safety,O,O
and,O,O
working,B-Skill,O
at,I-Skill,O
UNK,I-Skill,O
",",O,O
the,O,O
successful,O,O
candidate,O,O
will,O,O
carry,B-Skill,O
out,I-Skill,O
service,I-Skill,O
calls,I-Skill,O
on,I-Skill,O
a,I-Skill,O
preventative,I-Skill,O
and,I-Skill,O
reactive,I-Skill,O
basis,I-Skill,O
at,O,O
customer,O,O
premises,O,O
as,O,O
required,O,O
",",O,O
undertaking,B-Skill,O
preventive,I-Skill,O
service,I-Skill,O
maintenance,I-Skill,O
and,O,O
repair,B-Skill,O
of,I-Skill,O
customer,I-Skill,O
s,I-Skill,O
site,I-Skill,O
equipment,I-Skill,O
and,O,O
other,O,O
manufacturer,O,O
s,O,O
products,O,O
and,O,O
systems,O,O
",",O,O
in,O,O
full,O,O
response,O,O
to,O,O
customer,O,O
s,O,O
requirements,O,O
",",O,O
whilst,O,O
communicating,B-Skill,O
activity,I-Skill,O
and,I-Skill,O
requirements,I-Skill,O
with,O,O
the,O,O
customer,O,O
in,O,O
a,O,O
clear,B-Skill,O
and,I-Skill,O
concise,I-Skill,O
manner,I-Skill,O
",",O,O
and,O,O
reporting,B-Skill,O
via,I-Skill,O
job,I-Skill,O
sheets,I-Skill,O
the,O,O
activities,O,O
carried,O,O
out,O,O
and,O,O
faults,O,O
found,O,O
respond,B-Skill,O
to,I-Skill,O
internal,I-Skill,O
and,I-Skill,O
external,I-Skill,O
stakeholder,I-Skill,O
queries,I-Skill,O
in,O,O
a,O,O
timely,O,O
manner,O,O
and,O,O
proactively,B-Skill,O
seek,I-Skill,O
to,I-Skill,O
resolve,I-Skill,O
stakeholder,I-Skill,O
issues,I-Skill,O
.,O,O
responsibilities,O,O
working,B-Skill,O
with,I-Skill,O
the,I-Skill,O
team,I-Skill,O
to,O,O
put,O,O
customer,B-Skill,O
services,I-Skill,O
at,O,O
the,O,O
heart,O,O
of,O,O
everything,O,O
we,O,O
do,O,O
using,B-Skill,O
your,I-Skill,O
initiative,I-Skill,O
to,O,O
resolve,B-Skill,O
client,I-Skill,O
enquiries,I-Skill,O
",",O,O
adhering,B-Skill,O
to,I-Skill,O
relevant,I-Skill,O
guidelines,I-Skill,O
at,O,O
all,O,O
times,O,O
proactively,B-Skill,O
seeking,I-Skill,O
ways,I-Skill,O
to,I-Skill,O
improve,I-Skill,O
the,I-Skill,O
service,I-Skill,O
for,O,O
our,O,O
clients,O,O
acting,B-Skill,O
as,I-Skill,O
a,I-Skill,O
role,I-Skill,O
model,I-Skill,O
in,O,O
inspiring,B-Skill,O
confidence,I-Skill,O
",",O,O
UNK,B-Skill,O
others,I-Skill,O
and,O,O
adopting,O,O
a,O,O
professional,B-Skill,O
approach,I-Skill,O
at,O,O
all,O,O
times,O,O
processing,B-Skill,O
client,I-Skill,O
transactions,I-Skill,O
and,I-Skill,O
enquiries,I-Skill,O
accurately,I-Skill,O
and,O,O
in,O,O
a,O,O
timely,B-Skill,O
manner,I-Skill,O
maintaining,I-Skill,O
a,I-Skill,O
thorough,I-Skill,O
knowledge,I-Skill,O
of,I-Skill,O
individual,I-Skill,O
and,I-Skill,O
departmental,I-Skill,O
responsibilities,I-Skill,O
involved,O,O
when,O,O
working,O,O
within,O,O
a,O,O
regulated,B-Skill,O
environment,I-Skill,O
identifying,I-Skill,O
customer,I-Skill,O
complaints,I-Skill,O
and,O,O
taking,B-Skill,O
ownership,I-Skill,O
of,O,O
them,O,O
through,O,O
to,O,O
resolution,O,O
in,O,O
accordance,O,O
restore,B-Skill,O
a,I-Skill,O
UNK,I-Skill,O
it,I-Skill,O
service,I-Skill,O
as,O,O
quickly,O,O
as,O,O
possible,O,O
implement,B-Skill,O
the,I-Skill,O
service,I-Skill,O
desk,I-Skill,O
and,I-Skill,O
incident,I-Skill,O
management,I-Skill,O
process,I-Skill,O
senior,O,O
business,O,O
analyst,O,O
with,O,O
UNK,B-Skill,B-Skill
experience,O,O
required,O,O
for,O,O
UNK,O,O
international,O,O
company,O,O
in,O,O
central,O,O
london,O,O
.,O,O
she,O,O
is,O,O
not,O,O
drinking,O,O
from,O,O
a,O,O
UNK,O,B-Skill
so,O,O
the,O,O
position,O,O
would,O,O
start,O,O
at,O,O
UNK,O,O
skill,O,O
required,O,O
candidates,O,O
must,O,O
be,O,O
proficient,O,O
in,O,O
production,B-Skill,B-Skill
planning,I-Skill,I-Skill
/,O,O
project,B-Skill,B-Skill
management,I-Skill,I-Skill
operating,I-Skill,O
in,I-Skill,O
a,I-Skill,O
medical,I-Skill,O
manufacturing,I-Skill,O
environment,I-Skill,O
so,O,O
if,O,O
you,O,O
are,O,O
looking,O,O
to,O,O
earn,O,O
your,O,O
true,O,O
worth,O,O
and,O,O
you,O,O
are,O,O
a,O,O
proven,O,O
sales,B-Skill,O
person,O,O
then,O,O
this,O,O
could,O,O
be,O,O
the,O,O
opportunity,O,O
for,O,O
you,O,O
.,O,O
software,B-Skill,O
ms,I-Skill,O
office,I-Skill,O
advanced,O,O
knowledge,O,O
of,O,O
excel,B-Skill,O
and,O,O
ability,B-Skill,O
to,I-Skill,O
quickly,I-Skill,O
pick,I-Skill,O
up,I-Skill,O
inhouse,I-Skill,O
crm,I-Skill,O
and,I-Skill,O
UNK,I-Skill,B-Skill
system,I-Skill,O
.,O,O
UNK,B-Skill,O
",",O,O
UNK,B-Skill,O
UNK,O,O
;,O,O
UNK,B-Skill,O
other,O,O
ancillary,B-Skill,O
support,I-Skill,O
equipment,I-Skill,O
UNK,I-Skill,O
",",O,O
etc,O,O
strong,O,O
it,B-Skill,O
skills,O,O
UNK,O,O
to,O,O
a,O,O
high,O,O
standard,O,O
of,O,O
work,O,O
output,O,O
",",O,O
you,O,O
exhibit,O,O
a,O,O
high,B-Skill,O
degree,I-Skill,O
of,I-Skill,O
professionalism,I-Skill,O
",",O,O
team,B-Skill,O
focus,I-Skill,O
and,O,O
a,O,O
UNK,B-Skill,B-Skill
approach,O,O
to,O,O
your,O,O
own,O,O
workload,O,O
and,O,O
organisation,B-Skill,O
.,O,O
success,O,O
in,O,O
this,O,O
role,O,O
is,O,O
all,O,O
about,O,O
being,O,O
resilient,B-Skill,O
",",O,O
confident,B-Skill,O
and,O,O
self,B-Skill,O
motivated,I-Skill,O
.,O,O
successful,O,O
candidates,O,O
will,O,O
be,O,O
experienced,O,O
in,O,O
a,O,O
variety,O,O
of,O,O
commercial,B-Skill,O
insurance,I-Skill,O
classes,I-Skill,O
including,O,O
property,B-Skill,O
",",O,O
motor,B-Skill,O
",",O,O
UNK,B-Skill,B-Skill
and,O,O
commercial,B-Skill,O
combined,O,O
.,O,O
support,B-Skill,O
channel,I-Skill,O
partners,I-Skill,O
to,O,O
close,O,O
opportunities,O,O
provide,B-Skill,O
a,I-Skill,O
point,I-Skill,O
of,I-Skill,O
contact,I-Skill,O
for,O,O
top,O,O
UNK,O,O
of,O,O
partners,O,O
the,O,O
opportunity,O,O
:,O,O
working,O,O
within,O,O
this,O,O
global,O,O
automotive,O,B-Skill
business,O,O
you,O,O
will,O,O
report,O,O
into,O,O
a,O,O
UNK,O,O
purchasing,O,O
manager,O,O
.,O,O
technical,O,O
test,O,O
analyst,O,O
/,O,O
selenium,B-Skill,O
/,O,O
web,B-Skill,B-Skill
testing,I-Skill,I-Skill
/,O,O
html,B-Skill,B-Skill
/,O,O
javascript,B-Skill,B-Skill
/,O,O
agile,B-Skill,O
/,O,O
newcastle,O,O
the,O,O
company,O,O
prominent,O,O
in,O,O
the,O,O
insurance,O,O
market,O,O
",",O,O
they,O,O
have,O,O
20,O,O
years,O,O
industry,O,O
expertise,O,O
on,O,O
a,O,O
national,O,O
level,O,O
.,O,O
the,O,O
european,O,O
arm,O,B-Skill
of,O,O
one,O,O
of,O,O
the,O,O
most,O,O
prestigious,O,O
names,O,O
in,O,O
real,B-Skill,O
estate,I-Skill,O
fund,I-Skill,B-Skill
management,I-Skill,I-Skill
is,O,O
looking,O,O
for,O,O
a,O,O
fund,O,O
analyst,O,O
with,O,O
strong,O,O
modelling,B-Skill,O
experience,O,O
to,O,O
work,O,O
within,O,O
their,O,O
highly,O,O
impressive,O,O
fund,B-Skill,O
management,I-Skill,O
teams,O,O
and,O,O
fund,O,O
analysts,O,O
.,O,O
the,O,O
exchange,O,O
concept,O,O
an,O,O
exchange,O,O
is,O,O
a,O,O
unique,O,O
",",O,O
UNK,O,O
only,O,O
event,O,O
driven,O,O
by,O,O
UNK,O,O
business,B-Skill,O
meetings,I-Skill,O
between,O,O
UNK,O,O
service,O,O
providers,O,O
and,O,O
senior,O,O
executives,O,O
.,O,O
the,O,O
fund,O,O
analyst,O,O
will,O,O
need,O,O
to,O,O
fully,O,O
understand,O,O
the,O,O
relevant,O,O
fund,O,O
",",O,O
its,O,O
strategy,B-Skill,O
",",O,O
investment,B-Skill,O
process,I-Skill,O
and,O,O
internal,B-Skill,O
and,I-Skill,O
external,I-Skill,O
reporting,I-Skill,O
requirements,I-Skill,O
.,O,O
the,O,O
head,O,O
teacher,O,O
is,O,O
looking,O,O
for,O,O
an,O,O
effective,O,O
leader,B-Skill,O
with,O,O
extensive,O,O
knowledge,O,O
and,O,O
experience,O,O
of,O,O
the,O,O
UNK,B-Skill,O
",",O,O
a,O,O
strong,O,O
understanding,B-Skill,O
of,I-Skill,O
best,I-Skill,O
practice,I-Skill,O
and,O,O
the,O,O
ability,O,O
to,O,O
:,O,O
inspire,B-Skill,O
children,I-Skill,O
and,O,O
give,O,O
them,O,O
an,O,O
excellent,O,O
start,O,O
to,O,O
their,O,O
school,O,O
life,O,O
provide,B-Skill,O
a,I-Skill,O
role,I-Skill,O
model,I-Skill,O
of,O,O
exemplary,O,O
UNK,B-Skill,O
practice,O,O
the,O,O
UNK,O,O
exchange,O,O
london,O,O
UNK,O,O
a,O,O
unique,O,O
opportunity,O,O
to,O,O
join,O,O
an,O,O
events,O,O
team,O,O
that,O,O
is,O,O
the,O,O
fastest,O,O
division,O,O
within,O,O
UNK,O,O
.,O,O
http,O,O
UNK,O,O
www,O,O
.,O,O
UNK,O,O
.,O,O
com,O,O
/,O,O
UNK,O,O
.,O,O
UNK,O,O
the,O,O
person,O,O
for,O,O
your,O,O
application,O,O
to,O,O
be,O,O
considered,O,O
",",O,O
you,O,O
will,O,O
need,O,O
experience,O,O
in,O,O
a,O,O
similar,O,O
commercial,B-Skill,O
account,I-Skill,O
handling,I-Skill,O
role,O,O
with,O,O
experience,O,O
in,O,O
the,O,O
sme,B-Skill,O
market,I-Skill,O
.,O,O
the,O,O
role,O,O
the,O,O
role,O,O
involves,O,O
managing,B-Skill,O
key,I-Skill,O
client,I-Skill,O
accounts,I-Skill,O
offering,O,O
superior,O,O
customer,B-Skill,O
service,I-Skill,O
and,O,O
advice,O,O
to,O,O
clients,O,O
to,O,O
ensure,O,O
high,O,O
levels,O,O
of,O,O
retention,O,O
.,O,O
the,O,O
test,O,O
consultant,O,O
/,O,O
automation,O,B-Skill
test,O,O
analyst,O,O
will,O,O
ideally,O,O
be,O,O
confident,O,O
with,O,O
selenium,B-Skill,O
and,O,O
good,O,O
experience,O,O
of,O,O
web,B-Skill,O
based,I-Skill,O
testing,I-Skill,O
",",O,O
html,B-Skill,B-Skill
and,O,O
javascript,B-Skill,O
.,O,O
the,O,O
ability,B-Skill,O
to,I-Skill,O
thrive,I-Skill,O
in,I-Skill,O
a,I-Skill,O
challenging,I-Skill,O
",",I-Skill,O
fast,I-Skill,O
paced,I-Skill,O
environment,I-Skill,O
please,O,O
send,O,O
your,O,O
cv,O,O
to,O,O
apply,O,O
.,O,O
the,O,O
client,O,O
has,O,O
a,O,O
mixed,O,O
windows,B-Skill,O
including,O,O
active,B-Skill,O
directory,I-Skill,O
and,O,O
bespoke,B-Skill,O
applications,I-Skill,O
environment,I-Skill,O
.,O,O
the,O,B-Skill
drive,B-Skill,O
and,I-Skill,O
determination,I-Skill,O
to,I-Skill,O
succeed,I-Skill,O
within,I-Skill,O
a,I-Skill,O
highly,I-Skill,O
competitive,I-Skill,O
environment,I-Skill,O
the,O,B-Skill
experience,O,O
required,O,O
to,O,O
be,O,O
eligible,O,O
for,O,O
this,O,O
role,O,O
is,O,O
as,O,O
follows,O,O
:,O,O
the,O,O
ideal,O,O
candidate,O,O
will,O,O
have,O,O
a,O,O
legal,B-Skill,O
background,O,O
",",O,O
company,O,B-Skill
secretarial,O,I-Skill
and,O,O
legal,O,O
qualification,O,O
preferred,O,O
.,O,O
the,O,O
ideal,O,O
candidate,O,O
will,O,O
have,O,O
experience,O,O
of,O,O
working,O,O
within,O,O
an,O,O
UNK,O,O
nursing,B-Skill,B-Skill
role,O,O
such,O,O
as,O,O
surgery,O,O
",",O,O
medical,O,O
",",O,O
intensive,O,O
care,O,O
and,O,O
so,O,O
UNK,O,O
.,O,O
the,O,O
ideal,O,O
candidate,O,O
will,O,O
have,O,O
produced,B-Skill,O
and,I-Skill,O
developed,I-Skill,O
a,I-Skill,O
range,I-Skill,O
of,I-Skill,O
conferences,I-Skill,O
from,O,O
inception,O,O
to,O,O
on,B-Skill,O
the,I-Skill,O
day,I-Skill,O
management,I-Skill,O
.,O,O
the,O,O
inside,O,O
sales,B-Skill,O
team,O,O
is,O,O
a,O,O
key,O,O
part,O,O
of,O,O
the,O,O
overall,O,O
emea,B-Skill,B-Skill
strategy,I-Skill,O
to,O,O
support,B-Skill,O
the,I-Skill,O
revenue,I-Skill,O
objectives,I-Skill,O
of,O,O
the,O,O
region,O,O
.,O,O
the,O,O
main,O,O
purpose,O,O
of,O,O
this,O,O
role,O,O
is,O,O
to,O,O
support,O,O
the,O,O
head,O,O
of,O,O
it,O,O
to,O,O
ensure,B-Skill,O
the,I-Skill,O
maintenance,I-Skill,O
and,I-Skill,O
delivery,I-Skill,O
of,O,O
the,O,O
navision,B-Skill,B-Skill
system,I-Skill,O
at,O,O
the,O,O
1st,O,O
line,O,O
level,O,O
for,O,O
head,O,O
office,O,O
and,O,O
dc,O,O
users,O,O
and,O,O
2nd,O,O
line,O,O
level,O,O
for,O,O
store,O,O
users,O,O
.,O,O
the,O,O
position,O,O
available,O,O
is,O,O
for,O,O
a,O,O
project,O,B-Skill
manager,O,I-Skill
working,O,O
within,O,O
one,O,O
of,O,O
the,O,O
companies,O,O
excellent,O,O
medical,B-Skill,O
UNK,I-Skill,O
production,I-Skill,O
facilities,O,O
.,O,O
the,O,O
purpose,O,O
of,O,O
the,O,O
role,O,O
is,O,O
to,O,O
:,O,O
produce,B-Skill,O
reports,I-Skill,O
from,O,O
the,O,O
purpose,O,O
of,O,O
the,O,O
roles,O,O
is,O,O
to,O,O
complete,O,O
the,O,O
maintenance,B-Skill,O
and,I-Skill,O
repair,I-Skill,O
of,I-Skill,O
mechanical,I-Skill,O
",",I-Skill,O
electrical,I-Skill,O
and,I-Skill,O
electronic,I-Skill,O
equipment,I-Skill,O
",",I-Skill,O
systems,I-Skill,O
and,I-Skill,O
general,I-Skill,O
facilities,I-Skill,O
.,O,O
the,O,O
role,O,O
includes,O,O
the,O,O
follow,O,O
conducting,B-Skill,O
UNK,I-Skill,O
admission,I-Skill,O
of,I-Skill,O
clients,I-Skill,O
undertaking,I-Skill,O
UNK,I-Skill,O
pregnancy,I-Skill,O
and,I-Skill,O
UNK,I-Skill,O
UNK,I-Skill,O
offering,I-Skill,O
UNK,I-Skill,O
pregnancy,I-Skill,B-Skill
testing,I-Skill,I-Skill
UNK,I-Skill,O
screening,I-Skill,O
UNK,I-Skill,O
testing,I-Skill,O
and,O,O
UNK,B-Skill,O
scanning,I-Skill,O
the,O,O
role,O,O
is,O,O
a,O,O
6,O,O
month,O,O
contract,O,O
with,O,O
a,O,O
view,O,O
of,O,O
going,O,O
permanent,O,O
and,O,O
in,O,O
return,O,O
",",O,O
our,O,O
client,O,O
is,O,O
willing,O,O
to,O,O
pay,O,O
a,O,O
competitive,O,O
daily,O,O
rate,O,O
of,O,O
up,O,O
the,O,O
role,O,O
of,O,O
general,O,O
manager,O,O
is,O,O
unique,O,O
to,O,O
any,O,O
other,O,O
brand,O,O
because,O,O
the,O,O
administration,B-Skill,O
and,I-Skill,O
sales,I-Skill,O
processes,I-Skill,O
are,O,O
largely,O,O
managed,O,O
online,O,O
which,O,O
will,O,O
free,O,O
up,O,O
your,O,O
time,O,O
to,O,O
drive,B-Skill,O
brand,I-Skill,O
and,I-Skill,O
customer,I-Skill,O
service,I-Skill,O
standards,I-Skill,O
.,O,O
the,O,O
role,O,O
on,O,O
offer,O,O
will,O,O
enable,O,O
the,O,O
chosen,O,O
candidate,O,O
to,O,O
not,O,O
only,O,O
have,O,O
a,O,O
tangible,O,O
impact,O,O
on,O,O
business,O,O
success,O,O
",",O,O
but,O,O
also,O,O
work,O,O
for,O,O
a,O,O
UNK,O,O
organization,O,O
operating,O,O
in,O,O
the,O,O
financial,O,O
services,O,O
sector,O,O
",",O,O
in,O,O
an,O,O
environment,O,O
that,O,O
encourages,O,O
innovative,B-Skill,O
and,O,O
dynamic,B-Skill,O
thinking,I-Skill,O
.,O,O
the,O,O
successful,O,O
test,O,O
consultant,O,O
/,O,O
automation,O,B-Skill
test,O,O
analyst,O,O
can,O,O
expect,O,O
to,O,O
earn,O,O
a,O,O
rate,O,O
of,O,O
between,O,O
the,O,O
successful,O,O
test,O,O
consultant,O,O
/,O,O
automation,O,B-Skill
test,O,O
analyst,O,O
can,O,O
expect,O,O
to,O,O
work,O,O
on,O,O
a,O,O
number,O,O
of,O,O
exciting,O,O
web,B-Skill,O
based,I-Skill,O
products,I-Skill,O
with,O,O
my,O,O
client,O,O
recently,O,O
having,O,O
UNK,O,O
UNK,O,O
contracts,O,O
with,O,O
global,O,O
investors,O,O
the,O,O
successful,O,O
candidate,O,O
will,O,O
be,O,O
educated,O,O
to,O,O
degree,O,O
level,O,O
or,O,O
equivalent,O,O
in,O,O
electronics,B-Skill,B-Skill
",",O,O
electrical,B-Skill,B-Skill
engineering,I-Skill,I-Skill
or,O,O
physics,B-Skill,O
with,O,O
industry,O,O
experience,O,O
of,O,O
electronic,B-Skill,O
design,I-Skill,O
.,O,O
the,O,O
successful,O,O
candidate,O,O
will,O,O
work,O,O
closely,O,O
with,O,O
sponsorship,B-Skill,O
sales,I-Skill,O
",",O,O
UNK,B-Skill,O
",",O,O
marketing,B-Skill,B-Skill
and,O,O
logistics,B-Skill,O
teams,O,O
to,O,O
ensure,O,O
the,O,O
commercial,O,O
success,O,O
of,O,O
their,O,O
conferences,B-Skill,O
.,O,O
the,O,O
successful,O,O
candidates,O,O
will,O,O
have,O,O
proven,O,O
track,O,O
records,O,O
in,O,O
maintenance,B-Skill,O
engineering,I-Skill,O
ideally,O,O
gained,O,O
within,O,O
an,O,O
automotive,B-Skill,B-Skill
component,I-Skill,O
manufacturing,I-Skill,O
environment,O,O
.,O,O
the,O,O
technology,O,O
we,O,O
provide,O,O
gives,O,O
customers,O,O
a,O,O
UNK,O,O
picture,O,O
of,O,O
how,O,O
their,O,O
entire,O,O
portfolio,O,O
is,O,O
performing,O,O
",",O,O
putting,O,O
them,O,O
in,O,O
control,O,O
of,O,O
their,O,O
investments,O,O
through,O,O
their,O,O
financial,O,O
UNK,O,O
.,O,O
the,O,O
testing,B-Skill,O
",",O,O
management,B-Skill,O
and,O,O
control,B-Skill,O
of,O,O
backup,B-Skill,O
and,I-Skill,O
recovery,I-Skill,O
schedules,I-Skill,O
",",O,O
storage,B-Skill,B-Skill
planning,I-Skill,I-Skill
",",O,O
allocation,B-Skill,O
",",O,O
monitoring,B-Skill,O
and,O,O
UNK,B-Skill,O
ensure,I-Skill,O
that,I-Skill,O
all,I-Skill,O
operational,I-Skill,O
databases,I-Skill,O
meet,I-Skill,O
their,I-Skill,O
availability,I-Skill,O
",",I-Skill,O
reliability,I-Skill,O
and,I-Skill,O
performance,I-Skill,O
targets,I-Skill,O
as,O,O
documented,O,O
in,O,O
slas,B-Skill,O
and,O,O
UNK,B-Skill,O
there,O,O
is,O,O
on,O,O
street,O,O
UNK,O,B-Skill
available,O,O
to,O,O
those,O,O
candidates,O,O
that,O,O
prefer,O,O
to,O,O
drive,O,O
.,O,O
therefore,O,O
",",O,O
it,O,O
is,O,O
essential,O,O
that,O,O
professional,O,O
applying,O,O
has,O,O
experience,O,O
in,O,O
ideally,O,O
a,O,O
real,O,O
estate,O,O
private,O,O
equity,O,O
fund,O,O
with,O,O
investment,B-Skill,O
transactional,I-Skill,O
experience,O,O
or,O,O
valuation,B-Skill,O
with,O,O
rics,O,O
preferred,O,O
in,O,O
european,O,O
real,O,O
estate,O,O
.,O,O
these,O,O
UNK,O,O
values,O,O
are,O,O
shared,O,O
with,O,O
their,O,O
teams,O,O
throughout,O,O
the,O,B-Skill
countries,O,O
they,O,O
cover,O,O
.,O,O
they,O,O
are,O,O
a,O,O
uk,O,O
plc,O,O
and,O,O
they,O,O
offer,O,O
a,O,O
unique,O,O
product,O,O
to,O,O
uk,O,O
businesses,O,O
.,O,O
they,O,O
are,O,O
an,O,O
excellent,O,O
place,O,O
to,O,O
work,O,O
where,O,O
each,O,O
employee,O,O
is,O,O
valued,O,O
.,O,O
they,O,O
are,O,O
looking,O,O
for,O,O
a,O,O
general,O,O
manager,O,O
to,O,O
assume,B-Skill,O
responsibility,I-Skill,O
for,I-Skill,O
one,I-Skill,O
of,I-Skill,O
their,I-Skill,O
flagship,I-Skill,O
sites,I-Skill,O
in,O,O
edinburgh,O,O
.,O,O
they,O,O
have,O,O
a,O,O
winning,O,O
formula,O,O
that,O,O
has,O,O
been,O,O
very,O,O
successful,O,O
and,O,O
their,O,O
business,O,B-Skill
remains,O,I-Skill
very,O,O
UNK,O,O
despite,O,O
these,O,O
challenging,O,O
times,O,O
.,O,O
they,O,O
have,O,O
been,O,O
successful,O,O
at,O,O
winning,O,O
many,O,O
awards,O,O
and,O,O
are,O,O
now,O,O
UNK,O,O
on,O,O
being,O,O
even,O,O
more,O,O
successful,O,O
and,O,O
growing,O,O
their,O,O
business,O,B-Skill
further,O,I-Skill
over,O,O
the,O,O
next,O,O
few,O,O
years,O,O
.,O,O
they,O,O
need,O,O
UNK,O,O
software,O,O
developers,O,O
overall,O,O
",",O,O
this,O,O
is,O,O
a,O,O
UNK,O,B-Skill
place,O,O
to,O,O
work,O,O
they,O,O
offer,O,O
individual,O,O
tailored,O,O
insurance,B-Skill,O
solutions,I-Skill,O
in,O,O
both,O,O
commercial,O,O
and,O,O
personal,O,O
lines,O,O
.,O,O
they,O,O
work,O,O
in,O,O
both,O,O
the,O,O
private,O,O
and,O,O
public,O,O
sector,O,O
",",O,O
carrying,O,O
out,O,O
project,B-Skill,B-Skill
management,I-Skill,I-Skill
on,O,O
behalf,O,O
of,O,O
their,O,O
clients,O,O
and,O,O
managing,B-Skill,O
contracts,I-Skill,O
that,O,O
include,O,O
new,B-Skill,O
build,I-Skill,O
",",O,O
design,B-Skill,O
and,O,O
build,B-Skill,O
and,I-Skill,O
UNK,I-Skill,O
.,O,O
this,O,O
client,O,O
requires,O,O
a,O,O
highly,O,O
personable,B-Skill,O
",",O,O
UNK,B-Skill,B-Skill
",",O,O
forward,B-Skill,O
thinking,I-Skill,O
candidate,O,O
with,O,O
knowledge,O,O
of,O,O
the,O,O
defence,B-Skill,O
sector,I-Skill,O
and,O,O
fresh,B-Skill,O
ideas,I-Skill,O
and,O,O
UNK,B-Skill,O
.,O,O
this,O,O
company,O,O
UNK,O,O
for,O,O
all,O,O
personality,O,O
types,O,O
though,O,O
this,O,O
exciting,O,O
role,O,O
will,O,O
also,O,O
see,O,O
you,O,O
attending,B-Skill,O
photo,I-Skill,O
UNK,I-Skill,B-Skill
",",O,O
so,O,O
you,O,O
will,O,O
have,O,O
previous,O,O
experience,O,O
working,B-Skill,O
with,I-Skill,O
UNK,I-Skill,O
on,I-Skill,O
set,I-Skill,O
.,O,O
this,O,O
is,O,O
a,O,O
UNK,O,O
asset,O,O
for,O,O
the,O,O
success,O,O
of,O,O
its,O,O
sales,O,O
force,O,O
.,O,O
since,O,O
its,O,O
inception,O,O
in,O,O
the,O,O
UNK,O,O
UNK,O,O
this,O,O
organisation,O,O
has,O,O
developed,O,O
many,O,O
UNK,O,O
clients,O,O
in,O,O
very,O,O
diverse,O,O
sectors,O,O
:,O,O
industry,O,O
",",O,O
administration,O,O
",",O,O
banking,O,B-Skill
",",O,O
insurance,O,O
",",O,O
sales,O,O
networks,O,O
",",O,O
health,O,O
small,O,O
and,O,O
medium,O,O
sized,O,O
businesses,O,O
to,O,O
large,O,O
corporate,O,O
.,O,O
this,O,O
is,O,O
a,O,O
fantastic,O,O
opportunity,O,O
for,O,O
a,O,O
talented,O,O
test,O,O
consultant,O,O
/,O,O
automation,O,B-Skill
test,O,O
analyst,O,O
to,O,O
continue,O,O
working,O,O
with,O,O
selenium,B-Skill,O
and,O,O
with,O,O
the,O,O
latest,B-Skill,O
technologies,I-Skill,O
in,O,O
a,O,O
fast,B-Skill,O
paced,I-Skill,O
and,O,O
dynamic,O,O
.,B-Skill,O
net,I-Skill,O
environment,O,O
.,O,O
this,O,O
is,O,O
an,O,O
excellent,O,O
and,O,O
exciting,O,O
opportunity,O,O
for,O,O
someone,O,O
to,O,O
work,O,O
for,O,O
a,O,O
local,O,O
council,O,O
.,O,O
this,O,O
is,O,O
an,O,O
excellent,O,O
role,O,O
on,O,O
offer,O,O
at,O,O
an,O,O
exciting,O,O
time,O,O
for,O,O
the,O,O
business,O,O
",",O,O
with,O,O
a,O,O
salary,O,O
and,O,O
benefits,O,O
package,O,O
to,O,O
match,O,O
.,O,O
this,O,O
market,O,O
leading,O,O
client,O,O
has,O,O
a,O,O
vacancy,O,O
for,O,O
an,O,O
experienced,O,O
navision,O,O
support,O,O
analyst,O,O
.,O,O
this,O,O
position,O,O
offers,O,O
an,O,O
outstanding,O,O
benefits,O,O
package,O,O
including,O,O
bonuses,O,O
",",O,O
healthcare,O,O
and,O,O
pension,O,O
.,O,O
this,O,O
post,O,O
is,O,O
class,O,O
based,O,O
with,O,O
guaranteed,O,O
weekly,O,O
release,O,O
time,O,O
.,O,O
this,O,O
post,O,O
is,O,O
split,O,O
3,O,O
days,O,O
mainstream,O,O
special,O,O
schools,O,O
and,O,O
2,O,O
days,O,O
secondary,O,O
special,O,O
UNK,O,B-Skill
of,O,O
march,O,O
UNK,O,O
.,O,O
this,O,O
role,O,O
would,O,O
also,O,O
suit,O,O
a,O,O
qualified,O,O
corporate,O,O
UNK,O,O
looking,O,O
to,O,O
make,O,O
a,O,O
transition,O,O
into,O,O
an,O,O
inhouse,O,O
environment,O,O
outside,O,O
of,O,O
a,O,O
legal,O,O
team,O,O
.,O,O
this,O,O
role,O,O
would,O,O
suit,O,O
applicants,O,O
with,O,O
either,O,O
a,O,O
proven,O,O
background,O,O
within,O,O
client,B-Skill,O
or,I-Skill,O
customer,I-Skill,O
services,I-Skill,O
in,O,O
financial,B-Skill,O
services,I-Skill,O
",",O,O
or,O,O
candidates,O,O
with,O,O
a,O,O
strong,O,O
education,O,O
who,O,O
are,O,O
looking,O,O
for,O,O
their,O,O
first,O,O
step,O,O
in,O,O
a,O,O
career,O,O
in,O,O
the,O,O
industry,O,O
.,O,O
this,O,O
school,O,O
is,O,O
located,O,O
in,O,O
the,O,O
east,O,O
london,O,O
borough,O,O
of,O,O
UNK,O,O
.,O,O
UNK,O,O
conference,O,O
sessions,O,O
",",O,O
UNK,O,O
discussions,O,O
and,O,O
innovative,B-Skill,O
networking,O,B-Skill
opportunities,O,O
round,O,O
out,O,O
the,O,O
agenda,O,O
resulting,O,O
in,O,O
three,O,O
days,O,O
of,O,O
focused,B-Skill,O
",",O,O
structured,O,O
business,B-Skill,O
development,I-Skill,O
.,O,O
to,O,O
apply,O,O
please,O,O
send,O,O
across,O,O
a,O,O
copy,O,O
of,O,O
your,O,O
cv,O,O
for,O,O
consideration,O,O
or,O,O
for,O,O
a,O,O
UNK,O,O
in,O,O
the,O,O
UNK,O,O
of,O,O
confidence,O,O
please,O,O
call,O,O
UNK,O,O
consultants,O,O
and,O,O
ask,O,O
for,O,O
richard,O,O
.,O,O
to,O,O
be,O,O
considered,O,O
for,O,O
the,O,O
general,O,O
manager,O,O
post,O,O
you,O,O
will,O,O
have,O,O
at,O,O
least,O,O
UNK,O,O
management,B-Skill,O
experience,O,O
within,O,O
the,O,O
health,O,O
and,O,O
fitness,O,O
industry,O,O
ideally,O,O
as,O,O
a,O,O
general,O,O
manager,O,O
.,O,O
to,O,O
be,O,O
considered,O,O
for,O,O
this,O,O
role,O,O
please,O,O
send,O,O
your,O,O
cv,O,O
.,O,O
to,O,O
be,O,O
eligible,O,O
for,O,O
consideration,O,O
",",O,O
the,O,O
developer,O,O
will,O,O
need,O,O
;,O,O
12,O,O
months,O,O
exposure,O,O
to,O,O
dynamics,B-Skill,B-Skill
crm,I-Skill,O
v,O,O
UNK,O,O
2011,O,O
advanced,O,O
understanding,O,O
of,O,O
.,B-Skill,O
net,I-Skill,O
and,O,O
c,B-Skill,B-Skill
advantageous,O,O
but,O,O
UNK,O,O
skills,O,O
include,O,O
;,O,O
ms,B-Skill,O
crm,O,O
certified,O,O
experience,O,O
within,O,O
a,O,O
similar,O,O
role,O,O
to,O,O
manage,B-Skill,O
the,I-Skill,O
delivery,I-Skill,O
of,I-Skill,O
transmission,I-Skill,O
to,O,O
a,O,O
defined,O,O
cluster,O,O
of,O,O
cell,O,O
sites,O,O
manage,B-Skill,O
the,I-Skill,O
delivery,I-Skill,O
of,O,O
orders,O,O
placed,O,O
to,O,O
the,O,O
transmission,O,O
vendor,O,O
.,O,O
UNK,O,O
resourcing,O,O
s,O,O
client,O,O
is,O,O
looking,O,O
to,O,O
strengthen,O,O
their,O,O
UNK,B-Skill,O
team,O,O
with,O,O
UNK,O,O
is,O,O
an,O,O
equal,O,O
opportunities,O,O
employer,O,O
and,O,O
encourages,O,O
applications,O,O
from,O,O
suitably,O,O
qualified,O,O
candidates,O,O
regardless,O,O
of,O,O
sex,O,O
",",O,O
race,O,O
",",O,O
disability,O,O
",",O,O
age,O,O
",",O,O
sexual,O,O
orientation,O,O
",",O,O
gender,O,O
UNK,O,O
",",O,O
religion,O,O
or,O,O
belief,O,O
.,O,O
understanding,O,O
of,O,O
safety,B-Skill,O
responsibilities,I-Skill,O
and,O,O
company,O,B-Skill
policies,O,I-Skill
for,O,O
the,O,O
environment,O,O
.,O,O
undertake,B-Skill,O
collection,I-Skill,O
of,I-Skill,O
data,I-Skill,O
and,I-Skill,O
metrics,I-Skill,O
which,O,O
provide,B-Skill,O
an,I-Skill,O
accurate,I-Skill,O
view,I-Skill,O
of,I-Skill,O
business,I-Skill,O
and,I-Skill,O
supplier,I-Skill,O
performance,I-Skill,O
.,O,O
undertake,B-Skill,O
special,I-Skill,O
projects,I-Skill,O
as,O,O
assigned,O,O
by,O,O
the,O,O
european,O,B-Skill
executive,O,I-Skill
board,O,O
.,O,O
unlike,O,O
traditional,O,O
conferences,O,O
or,O,O
UNK,O,B-Skill
",",O,O
the,O,O
primary,O,O
focus,O,O
and,O,O
benefit,O,O
of,O,O
the,O,O
exchange,O,O
is,O,O
for,O,O
new,O,O
relationships,O,O
to,O,O
be,O,O
UNK,O,O
and,O,O
existing,O,O
partnerships,O,O
to,O,O
be,O,O
enhanced,O,O
.,O,O
we,O,O
also,O,O
offer,O,O
a,O,O
flexible,O,O
package,O,O
that,O,O
allows,O,O
you,O,O
to,O,O
choose,O,O
cash,O,O
or,O,O
pick,O,O
from,O,O
a,O,O
range,O,O
of,O,O
benefit,O,O
options,O,O
including,O,O
retail,O,B-Skill
discount,O,O
vouchers,O,O
",",O,O
private,O,O
medical,O,O
insurance,O,O
and,O,O
a,O,O
UNK,O,O
pension,O,O
scheme,O,O
.,O,O
we,O,O
deal,O,O
with,O,O
both,O,O
microsoft,O,O
partners,O,O
UNK,O,O
end,O,O
users,O,O
throughout,O,O
the,O,O
uk,O,O
and,O,O
europe,O,O
and,O,O
we,O,O
have,O,O
never,O,O
had,O,O
more,O,O
live,O,O
requirements,O,O
UNK,O,O
crm,B-Skill,O
jobs,O,O
for,O,O
microsoft,O,B-Skill
dynamics,O,B-Skill
professionals,O,O
.,O,O
we,O,O
have,O,O
large,O,O
volumes,O,O
of,O,O
UNK,O,O
all,O,O
over,O,O
hertfordshire,O,B-Skill
and,O,O
can,O,O
cover,O,O
all,O,O
availability,O,O
.,O,O
we,O,O
have,O,O
vacancies,O,O
uk,O,O
wide,O,O
and,O,O
welcome,O,O
general,O,O
enquiries,O,O
from,O,O
candidates,O,O
with,O,O
relevant,O,O
experience,O,O
we,O,O
need,O,O
people,O,O
who,O,O
are,O,O
UNK,O,O
to,O,O
carrying,O,O
out,O,O
pure,B-Skill,B-Skill
development,I-Skill,I-Skill
initially,O,O
",",O,O
however,O,O
prospects,O,O
here,O,O
are,O,O
fantastic,O,O
:,O,O
most,O,O
of,O,O
the,O,O
current,O,O
managers,O,O
there,O,O
started,O,O
off,O,O
as,O,O
developers,O,O
.,O,O
we,O,O
offer,O,O
a,O,O
simple,O,O
compliance,O,O
process,O,O
",",O,O
fantastic,O,O
rates,O,O
of,O,O
pay,O,O
",",O,O
weekly,O,O
pay,O,O
roll,O,O
and,O,O
regular,O,O
training,O,O
.,O,O
we,O,O
offer,O,O
UNK,O,O
opportunities,O,O
across,O,O
all,O,O
specialisms,O,O
and,O,O
industry,O,O
sectors,O,O
",",O,O
presenting,O,O
you,O,O
with,O,O
only,O,O
the,O,O
best,O,O
marketing,B-Skill,B-Skill
jobs,O,O
.,O,O
we,O,O
recruit,O,O
typically,O,O
for,O,O
the,O,O
following,O,O
roles,O,O
list,O,O
not,O,O
UNK,O,O
by,O,O
any,O,O
means,O,O
:,O,O
buyer,O,O
",",O,O
senior,O,O
buyer,O,O
",",O,O
UNK,O,O
",",O,O
purchasing,O,O
manager,O,O
",",O,O
sourcing,O,O
manager,O,O
",",O,O
head,O,O
of,O,O
purchasing,O,O
",",O,O
purchasing,O,O
director,O,O
",",O,O
procurement,O,O
officer,O,O
",",O,O
procurement,O,O
manager,O,O
",",O,O
buying,O,O
manager,O,O
",",O,O
procurement,O,O
director,O,O
",",O,O
supply,O,O
chain,O,O
manager,O,O
",",O,O
supply,O,O
chain,O,O
director,O,O
",",O,O
category,O,O
manager,O,O
",",O,O
demand,O,O
manager,O,O
",",O,O
head,O,O
of,O,O
purchasing,O,O
",",O,O
logistics,O,O
manager,O,O
",",O,O
scheduling,O,O
manager,O,O
",",O,O
materials,O,O
coordinator,O,O
",",O,O
inventory,O,O
controller,O,O
",",O,O
UNK,O,O
",",O,O
merchandising,O,O
manager,O,O
",",O,O
planner,O,O
",",O,O
forecast,O,O
analyst,O,O
",",O,O
forecasting,O,O
manager,O,O
",",O,O
purchasing,O,O
assistant,O,O
",",O,O
supply,O,O
scheduler,O,O
",",O,O
trainee,O,O
buyer,O,O
",",O,O
junior,O,O
buyer,O,O
we,O,O
strive,O,O
to,O,O
achieve,O,O
this,O,O
by,O,O
constantly,O,O
listening,B-Skill,O
to,I-Skill,O
our,I-Skill,O
clients,I-Skill,O
",",O,O
by,O,O
focusing,B-Skill,O
on,I-Skill,O
service,I-Skill,O
delivery,I-Skill,O
and,O,O
by,O,O
constantly,O,O
improving,B-Skill,O
the,I-Skill,O
breadth,I-Skill,O
and,I-Skill,O
depth,I-Skill,O
of,I-Skill,O
our,I-Skill,O
platform,I-Skill,O
proposition,I-Skill,O
.,O,O
well,O,O
if,O,O
you,O,O
are,O,O
then,O,O
i,O,O
want,O,O
to,O,O
hear,O,O
from,O,O
you,O,O
.,O,O
where,O,O
appropriate,O,O
assist,B-Skill,O
in,I-Skill,O
the,I-Skill,O
training,I-Skill,O
and,I-Skill,O
development,I-Skill,O
of,O,O
assistant,O,O
UNK,O,B-Skill
technicians,O,O
.,O,O
who,O,O
we,O,O
are,O,O
:,O,O
UNK,O,O
recruitment,O,O
",",O,O
among,O,O
europe,O,O
UNK,O,O
s,O,O
leading,O,O
recruitment,B-Skill,O
agencies,O,O
.,O,O
with,O,O
a,O,O
background,O,O
in,O,O
credit,B-Skill,B-Skill
control,I-Skill,I-Skill
",",O,O
you,O,O
will,O,O
be,O,O
keen,O,O
to,O,O
stay,O,O
within,O,O
this,O,O
area,O,O
of,O,O
accounts,O,O
.,O,O
with,O,O
a,O,O
global,O,O
presence,O,O
they,O,O
now,O,O
have,O,O
over,O,O
gen,O,O
UNK,O,O
in,O,O
europe,O,O
and,O,O
africa,O,O
and,O,O
enjoy,O,O
turnover,O,O
in,O,O
UNK,O,O
of,O,O
60,O,O
million,O,O
UNK,O,O
a,O,O
year,O,O
their,O,O
employees,O,O
get,O,O
involved,O,O
with,O,O
conviction,B-Skill,O
in,O,O
the,O,O
company,O,O
with,O,O
a,O,O
two,O,O
way,O,O
commitment,B-Skill,O
built,O,O
on,O,O
mutual,O,O
respect,B-Skill,O
",",O,O
trust,B-Skill,O
and,O,O
UNK,B-Skill,O
.,O,O
with,O,O
a,O,O
key,O,O
focus,O,O
of,O,O
providing,B-Skill,O
enhanced,I-Skill,O
processes,I-Skill,O
and,I-Skill,O
tools,I-Skill,O
for,O,O
invoicing,B-Skill,O
",",O,O
billing,B-Skill,B-Skill
and,O,O
accounting,B-Skill,O
you,O,O
will,O,O
UNK,O,O
on,O,O
the,O,O
reduction,B-Skill,O
of,I-Skill,O
UNK,I-Skill,O
UNK,I-Skill,O
on,O,O
the,O,O
pm,O,O
ledger,O,O
and,O,O
be,O,O
tasked,O,O
with,O,O
the,O,O
accuracy,O,O
of,O,O
all,O,O
accounting,B-Skill,O
output,O,O
.,O,O
with,O,O
a,O,O
wide,O,O
ranging,O,O
and,O,O
well,O,O
performing,O,O
portfolio,O,O
of,O,O
investments,O,O
",",O,O
this,O,O
role,O,O
will,O,O
see,O,O
the,O,O
incumbent,O,O
responsible,O,O
for,O,O
fund,B-Skill,O
portfolio,I-Skill,O
models,I-Skill,O
",",O,O
modelling,B-Skill,O
support,I-Skill,O
to,O,O
fund,B-Skill,B-Skill
management,I-Skill,I-Skill
teams,O,O
as,O,O
well,O,O
as,O,O
being,O,O
a,O,O
member,O,O
of,O,O
the,O,O
team,O,O
managing,B-Skill,O
UNK,I-Skill,O
performance,I-Skill,O
measurement,I-Skill,O
.,O,O
with,O,O
deep,O,O
UNK,O,O
in,O,O
the,O,O
east,O,O
midlands,O,O
our,O,O
consultants,O,O
have,O,O
an,O,O
UNK,O,O
understanding,B-Skill,O
of,I-Skill,O
the,I-Skill,O
local,I-Skill,O
market,I-Skill,O
.,O,O
work,O,O
alongside,O,O
special,O,O
projects,O,O
UNK,O,O
team,O,O
to,O,O
UNK,B-Skill,O
integrations,I-Skill,O
interface,I-Skill,O
with,I-Skill,O
UNK,I-Skill,O
supplier,I-Skill,O
to,O,O
manage,B-Skill,O
the,I-Skill,O
transmission,I-Skill,O
delivery,I-Skill,O
manage,I-Skill,O
a,I-Skill,O
portfolio,I-Skill,O
of,I-Skill,O
transmission,I-Skill,O
hub,I-Skill,O
sites,I-Skill,O
for,I-Skill,O
UNK,I-Skill,O
delivery,I-Skill,O
to,O,O
manage,B-Skill,O
all,I-Skill,O
UNK,I-Skill,O
for,O,O
the,O,O
project,O,O
",",O,O
to,O,O
ensure,B-Skill,O
that,I-Skill,O
both,I-Skill,O
the,I-Skill,O
capex,I-Skill,O
and,I-Skill,O
UNK,I-Skill,O
budgets,I-Skill,O
are,I-Skill,O
managed,I-Skill,O
within,I-Skill,O
targets,I-Skill,O
.,O,O
work,O,O
closely,O,O
with,O,O
the,O,O
finance,B-Skill,B-Skill
and,I-Skill,O
fund,I-Skill,O
accounting,I-Skill,O
teams,O,O
to,O,O
ensure,B-Skill,O
modeling,I-Skill,B-Skill
fully,I-Skill,O
reflects,I-Skill,O
tax,I-Skill,O
",",O,O
equity,B-Skill,O
/,I-Skill,O
debt,I-Skill,O
financing,I-Skill,B-Skill
structures,I-Skill,O
and,O,O
other,O,O
corporate,B-Skill,O
and,I-Skill,O
fund,I-Skill,O
investment,I-Skill,O
structures,I-Skill,O
.,O,O
you,O,O
have,O,O
outstanding,O,O
interpersonal,B-Skill,O
skills,O,O
and,O,O
the,O,B-Skill
ability,O,O
to,O,O
liaise,B-Skill,O
with,I-Skill,O
all,I-Skill,O
levels,I-Skill,O
of,I-Skill,O
both,I-Skill,O
internal,I-Skill,O
and,I-Skill,O
external,I-Skill,O
stakeholders,I-Skill,O
.,O,O
you,O,O
ll,O,O
be,O,O
involved,O,O
in,O,O
different,O,O
technologies,B-Skill,O
across,O,O
the,O,O
board,O,O
from,O,O
front,B-Skill,O
office,I-Skill,O
to,O,O
back,B-Skill,O
office,I-Skill,O
.,O,O
you,O,O
must,O,O
also,O,O
be,O,O
capable,O,O
of,O,O
producing,O,O
high,O,O
quality,O,O
UNK,B-Skill,B-Skill
you,O,O
must,O,O
also,O,O
be,O,O
very,O,O
commercially,B-Skill,O
aware,I-Skill,O
with,O,O
excellent,O,O
communication,B-Skill,B-Skill
skills,I-Skill,I-Skill
at,O,O
all,O,O
levels,O,O
.,O,O
you,O,O
will,O,O
also,O,O
be,O,O
responsible,O,O
for,O,O
driving,B-Skill,O
and,O,O
leading,B-Skill,O
on,I-Skill,O
outreach,I-Skill,B-Skill
activity,I-Skill,O
to,O,O
create,B-Skill,O
awareness,I-Skill,O
in,I-Skill,O
the,I-Skill,O
local,I-Skill,O
area,I-Skill,O
.,O,O
you,O,O
will,O,O
be,O,O
an,O,O
excellent,O,O
communicator,B-Skill,O
who,O,O
is,O,O
adept,O,O
at,O,O
UNK,B-Skill,B-Skill
up,I-Skill,O
systems,I-Skill,O
and,O,O
building,B-Skill,O
relationships,I-Skill,O
with,I-Skill,O
clients,I-Skill,O
.,O,O
you,O,O
will,O,O
be,O,O
UNK,O,O
time,O,O
served,O,O
and,O,O
have,O,O
UNK,B-Skill,O
experience,O,O
and,O,O
as,O,O
the,O,O
role,O,O
is,O,O
field,O,O
based,O,O
",",O,O
you,O,O
will,O,O
be,O,O
comfortable,B-Skill,O
with,I-Skill,O
working,I-Skill,O
in,I-Skill,O
various,I-Skill,O
locations,I-Skill,O
and,I-Skill,O
varied,I-Skill,O
environments,I-Skill,O
under,O,O
your,O,O
own,O,O
initiative,O,O
.,O,O
you,O,O
will,O,O
be,O,O
expected,O,O
to,O,O
deliver,O,O
excellent,O,O
patient,B-Skill,O
care,I-Skill,O
and,O,O
be,O,O
capable,O,O
of,O,O
working,B-Skill,O
well,I-Skill,O
as,I-Skill,O
part,I-Skill,O
of,I-Skill,O
a,I-Skill,O
team,I-Skill,O
and,O,O
leading,B-Skill,O
the,O,B-Skill
provision,O,O
of,O,O
UNK,B-Skill,O
.,O,O
you,O,O
will,O,O
be,O,O
UNK,O,O
on,O,O
breakdown,B-Skill,O
response,I-Skill,O
and,O,O
problem,B-Skill,O
resolution,I-Skill,O
",",O,O
department,B-Skill,O
UNK,I-Skill,O
UNK,I-Skill,O
s,I-Skill,O
breakdown,I-Skill,O
levels,I-Skill,O
",",O,O
pm,B-Skill,O
UNK,I-Skill,O
",",O,O
budget,B-Skill,O
control,I-Skill,O
",",O,O
improvement,B-Skill,O
projects,I-Skill,O
.,O,O
you,O,O
will,O,O
be,O,O
passionate,B-Skill,O
about,O,O
customer,B-Skill,O
service,I-Skill,O
and,O,O
health,B-Skill,O
and,I-Skill,O
fitness,I-Skill,O
and,O,O
you,O,O
will,O,O
be,O,O
the,O,O
type,O,O
of,O,O
manager,O,O
who,O,O
enjoys,O,O
leading,B-Skill,O
from,I-Skill,O
the,I-Skill,O
front,I-Skill,O
and,O,O
engaging,B-Skill,O
with,I-Skill,O
members,I-Skill,O
on,O,O
the,O,O
gym,O,O
floor,O,O
",",O,O
not,O,O
a,O,O
back,O,O
office,O,O
manager,O,O
so,O,O
an,O,O
outgoing,B-Skill,O
UNK,I-Skill,O
is,O,O
essential,O,O
for,O,O
more,O,O
information,O,O
please,O,O
click,O,O
on,O,O
the,O,O
apply,O,O
UNK,O,O
you,O,O
will,O,O
be,O,O
required,O,O
to,O,O
implement,B-Skill,O
",",I-Skill,O
maintain,I-Skill,O
and,I-Skill,O
lead,I-Skill,O
improvement,I-Skill,O
projects,I-Skill,O
on,O,O
linux,B-Skill,B-Skill
infrastructure,I-Skill,O
.,O,O
you,O,O
will,O,O
be,O,O
responsible,O,O
for,O,O
looking,B-Skill,O
after,I-Skill,O
your,I-Skill,O
own,I-Skill,O
ledger,I-Skill,O
and,O,O
building,B-Skill,O
relationships,I-Skill,O
with,I-Skill,O
clients,I-Skill,O
.,O,O
you,O,O
will,O,O
be,O,O
used,O,O
to,O,O
developing,B-Skill,O
high,I-Skill,O
quality,I-Skill,O
UNK,I-Skill,O
programmes,I-Skill,O
",",O,O
sourcing,B-Skill,O
high,I-Skill,O
quality,I-Skill,O
UNK,I-Skill,O
",",O,O
obtaining,B-Skill,O
and,I-Skill,O
UNK,I-Skill,O
strong,I-Skill,O
relationships,I-Skill,O
with,I-Skill,O
clients,I-Skill,O
and,I-Skill,O
sponsors,I-Skill,O
and,O,O
will,O,O
have,O,O
a,O,O
strong,O,O
focus,B-Skill,O
on,I-Skill,O
budget,I-Skill,B-Skill
management,I-Skill,I-Skill
while,O,O
controlling,B-Skill,O
costs,I-Skill,O
and,O,O
maximising,B-Skill,O
revenue,I-Skill,O
.,O,O
you,O,O
will,O,O
be,O,O
willing,B-Skill,O
to,I-Skill,O
learn,I-Skill,O
and,O,O
an,O,O
excellent,O,O
team,B-Skill,O
player,I-Skill,O
.,O,O
you,O,O
will,O,O
be,O,O
working,B-Skill,O
closely,I-Skill,O
with,I-Skill,O
multiple,I-Skill,O
internal,I-Skill,O
departments,I-Skill,O
you,O,O
will,O,O
manage,B-Skill,O
supplier,I-Skill,O
development,I-Skill,O
",",O,O
achieving,B-Skill,O
department,I-Skill,B-Skill
cost,I-Skill,I-Skill
reduction,I-Skill,I-Skill
targets,I-Skill,O
and,O,O
look,B-Skill,O
at,I-Skill,O
what,I-Skill,O
external,I-Skill,O
UNK,I-Skill,O
could,I-Skill,O
effect,I-Skill,O
supply,I-Skill,O
.,O,O
you,O,O
will,O,O
be,O,O
working,B-Skill,O
in,I-Skill,O
a,I-Skill,O
very,I-Skill,O
busy,I-Skill,O
environment,I-Skill,O
so,O,O
working,B-Skill,O
autonomously,I-Skill,O
is,O,O
essential,O,O
.,O,O
you,O,O
will,O,O
focus,B-Skill,O
on,I-Skill,O
the,I-Skill,O
award,I-Skill,O
winning,I-Skill,O
aa,I-Skill,O
UNK,I-Skill,O
standard,I-Skill,O
a,I-Skill,O
UNK,I-Skill,B-Skill
UNK,I-Skill,O
UNK,I-Skill,O
alongside,O,O
the,O,O
busy,O,O
conference,O,O
and,O,O
events,O,O
business,O,O
.,O,O
you,O,O
will,O,O
have,O,O
an,O,O
assistant,O,O
manager,O,O
and,O,O
personal,O,O
UNK,O,O
who,O,O
you,O,O
will,O,O
recruit,B-Skill,O
",",O,O
mentor,B-Skill,O
and,O,O
manage,B-Skill,O
.,O,O
you,O,O
will,O,O
have,O,O
experience,O,O
managing,B-Skill,O
UNK,I-Skill,O
materials,I-Skill,O
such,O,O
as,O,O
catalogues,O,O
",",O,O
and,O,O
will,O,O
be,O,O
happy,O,O
to,O,O
work,O,O
alongside,O,O
other,O,O
art,O,O
directors,O,O
and,O,O
UNK,O,O
.,O,O
you,O,O
will,O,O
have,O,O
shown,O,O
steady,O,O
career,O,O
progression,O,O
to,O,O
date,O,O
having,O,O
been,O,O
recognised,O,O
and,O,O
UNK,O,O
previously,O,O
and,O,O
are,O,O
unlikely,O,O
to,O,O
have,O,O
moved,O,O
between,O,O
jobs,O,O
too,O,O
often,O,O
.,O,O
you,O,O
will,O,O
ideally,O,O
be,O,O
a,O,O
graduate,O,O
with,O,O
good,O,O
academics,O,O
and,O,O
the,O,B-Skill
ability,O,O
to,O,O
develop,B-Skill,O
good,I-Skill,O
working,I-Skill,O
relationships,I-Skill,O
with,O,O
senior,O,O
operational,O,O
people,O,O
and,O,O
challenge,B-Skill,O
where,O,O
required,O,O
.,O,O
you,O,O
will,O,O
work,B-Skill,O
together,I-Skill,O
with,I-Skill,O
the,I-Skill,O
different,I-Skill,O
divisions,I-Skill,O
of,I-Skill,O
the,I-Skill,O
business,I-Skill,O
in,O,O
ensuring,B-Skill,O
efficient,I-Skill,O
corporate,I-Skill,B-Skill
governance,I-Skill,I-Skill
structures,I-Skill,O
and,I-Skill,O
procedures,I-Skill,O
are,I-Skill,O
in,I-Skill,O
place,I-Skill,O
as,O,O
well,O,O
as,O,O
streamlining,B-Skill,O
these,O,O
procedures,O,O
.,O,O
you,O,O
will,O,O
work,O,O
within,O,O
a,O,O
dedicated,O,O
sponsorship,O,O
sales,O,O
team,O,O
and,O,O
be,O,O
managed,B-Skill,O
and,O,O
UNK,B-Skill,O
by,O,O
one,O,O
of,O,O
our,O,O
experienced,B-Skill,O
sales,O,O
managers,O,O
.,O,O
your,O,O
duties,O,O
will,O,O
include,O,O
;,O,O
delivering,B-Skill,O
the,I-Skill,O
audit,I-Skill,B-Skill
programme,I-Skill,O
to,O,O
verify,B-Skill,O
compliance,I-Skill,O
with,O,O
good,O,O
lab,B-Skill,O
practice,I-Skill,O
and,O,O
good,O,O
clinical,B-Skill,O
practice,I-Skill,O
.,O,O
your,O,O
skills,O,O
:,O,O
previous,O,O
care,B-Skill,O
experience,O,O
essential,O,O
",",O,O
excellent,O,O
communication,B-Skill,B-Skill
skills,I-Skill,I-Skill
and,O,O
willingness,B-Skill,O
to,I-Skill,O
undergo,I-Skill,O
further,I-Skill,O
training,I-Skill,O
is,O,O
essential,O,O
.,O,O
your,O,O
key,O,O
responsibilities,O,O
will,O,O
include,O,O
managing,B-Skill,O
all,I-Skill,O
aspects,I-Skill,O
of,I-Skill,O
the,I-Skill,O
kitchen,I-Skill,O
during,O,O
service,O,O
;,O,O
taking,B-Skill,O
responsibility,I-Skill,O
of,I-Skill,O
the,I-Skill,O
kitchen,I-Skill,O
in,O,O
the,O,O
absence,O,O
of,O,O
the,O,O
senior,O,O
UNK,O,O
;,O,O
ensuring,B-Skill,O
high,I-Skill,O
levels,I-Skill,O
of,I-Skill,O
food,I-Skill,O
quality,I-Skill,O
are,O,O
attained,O,O
;,O,O
training,B-Skill,O
and,I-Skill,O
developing,I-Skill,O
new,I-Skill,O
members,I-Skill,O
of,O,O
the,O,O
UNK,O,O
;,O,O
ensuring,B-Skill,O
health,I-Skill,O
re,O,O
looking,O,O
for,O,O
:,O,O
the,O,O
successful,O,O
candidate,O,O
is,O,O
likely,O,O
to,O,O
come,O,O
from,O,O
either,O,O
a,O,O
UNK,O,O
four,B-Skill,O
or,I-Skill,O
five,I-Skill,O
star,I-Skill,O
hotel,I-Skill,O
background,O,O
",",O,O
or,O,O
work,O,O
in,O,O
a,O,O
quality,O,O
restaurant,O,O
renowned,O,O
for,O,O
serving,B-Skill,O
high,I-Skill,O
quality,I-Skill,O
food,I-Skill,O
.,O,O
your,O,O
main,O,O
duties,O,O
will,O,O
involve,O,O
planning,B-Skill,O
",",O,O
resourcing,B-Skill,O
and,O,O
successfully,B-Skill,O
executing,I-Skill,O
major,I-Skill,O
supply,I-Skill,O
chains,I-Skill,O
and,I-Skill,O
operations,I-Skill,O
on,O,O
site,O,O
to,O,O
ensure,O,O
compliance,O,O
with,O,O
standard,B-Skill,O
company,I-Skill,O
/,I-Skill,O
client,I-Skill,O
operating,I-Skill,O
procedures,I-Skill,O
.,O,O
your,O,O
responsibilities,O,O
will,O,O
include,O,O
prioritisation,B-Skill,O
of,I-Skill,O
work,I-Skill,O
load,I-Skill,O
",",O,O
copy,B-Skill,O
/,I-Skill,O
audio,I-Skill,O
UNK,I-Skill,O
",",O,O
creating,B-Skill,O
new,I-Skill,O
spreadsheets,I-Skill,O
",",O,O
dealing,B-Skill,O
with,I-Skill,O
team,I-Skill,O
members,I-Skill,O
UNK,I-Skill,O
management,I-Skill,O
",",O,O
organising,B-Skill,O
internal,I-Skill,O
and,I-Skill,O
external,I-Skill,O
meetings,I-Skill,O
",",O,O
distributing,B-Skill,O
reports,I-Skill,O
",",O,O
UNK,B-Skill,O
",",O,O
maintaining,B-Skill,O
databases,I-Skill,O
and,I-Skill,O
spreadsheets,I-Skill,O
and,O,O
providing,B-Skill,O
cover,I-Skill,O
for,I-Skill,O
other,I-Skill,O
duties,I-Skill,O
throughout,O,O
the,O,O
business,O,O
.,O,O
a,O,O
french,B-Skill,O
/,O,O
english,B-Skill,O
speaking,O,O
crb,O,O
UNK,O,O
UNK,O,O
/,O,O
child,O,O
UNK,O,O
for,O,O
my,O,O
and,O,O
they,O,O
have,O,O
been,O,O
around,O,O
for,O,O
many,O,O
years,O,O
developing,O,O
their,O,O
business,O,O
as,O,O
a,O,O
key,O,O
UNK,O,B-Skill
based,O,O
main,O,O
contractor,O,O
.,O,O
are,O,O
met,O,O
on,O,O
a,O,O
consistent,O,O
basis,O,O
uphold,B-Skill,O
the,I-Skill,O
mission,I-Skill,O
values,I-Skill,O
and,I-Skill,O
goals,I-Skill,O
of,I-Skill,O
UNK,I-Skill,O
build,I-Skill,O
excellent,I-Skill,O
sustainable,I-Skill,O
client,I-Skill,O
relationships,I-Skill,O
interact,I-Skill,O
with,I-Skill,O
senior,I-Skill,O
business,I-Skill,O
decision,I-Skill,O
makers,I-Skill,O
in,O,O
a,O,O
credible,B-Skill,O
and,O,O
commercially,B-Skill,O
focused,I-Skill,O
way,O,O
but,O,O
of,O,O
greater,O,O
importance,O,O
is,O,O
experience,O,O
of,O,O
operating,B-Skill,O
in,I-Skill,O
an,I-Skill,O
online,I-Skill,O
retail,I-Skill,B-Skill
",",I-Skill,O
high,I-Skill,O
transaction,I-Skill,O
volume,I-Skill,O
business,I-Skill,O
.,O,O
certified,O,O
in,O,O
project,O,B-Skill
management,O,I-Skill
for,O,O
further,O,O
information,O,O
on,O,O
this,O,O
position,O,O
company,O,O
UNK,O,O
s,O,O
UNK,O,B-Skill
is,O,O
dedicated,O,O
to,O,O
providing,B-Skill,O
service,I-Skill,O
to,I-Skill,O
organisations,I-Skill,O
.,O,O
hours,O,O
",",O,O
please,O,O
assume,O,O
that,O,O
your,O,O
application,O,O
has,O,O
not,O,O
been,O,O
successful,O,O
.,O,O
i,O,O
.,O,O
e,O,O
.,O,O
3,O,O
days,O,O
per,O,O
weekend,O,O
of,O,O
march,O,O
UNK,O,O
car,O,O
UNK,O,O
essential,O,O
band,O,O
6,O,O
special,O,O
schools,O,O
it,O,O
s,O,O
a,O,O
UNK,O,B-Skill
company,O,O
and,O,O
UNK,O,O
more,O,O
like,O,O
a,O,O
family,O,O
company,O,O
",",O,O
not,O,O
at,O,O
all,O,O
UNK,O,O
k,O,O
UNK,O,O
",",O,O
kent,O,O
support,O,O
engineer,O,O
with,O,O
strong,O,O
knowledge,O,O
of,O,O
windows,B-Skill,O
and,I-Skill,O
linux,I-Skill,B-Skill
architecture,I-Skill,B-Skill
is,O,O
required,O,O
by,O,O
an,O,O
expanding,O,O
company,O,O
based,O,O
in,O,O
UNK,O,O
to,O,O
support,O,O
clients,O,O
throughout,O,O
london,O,O
and,O,O
kent,O,O
.,O,O
UNK,O,O
speech,O,O
UNK,O,O
s,O,O
at,O,O
band,O,O
5,O,O
",",O,O
6,O,O
7,O,O
level,O,O
to,O,O
work,O,O
in,O,O
the,O,O
north,O,O
london,O,O
region,O,O
.,O,O
the,O,O
school,O,O
is,O,O
well,O,O
UNK,O,O
and,O,O
offers,O,O
a,O,O
vibrant,B-Skill,O
and,O,O
friendly,B-Skill,O
learning,O,O
environment,O,O
.,O,O
UNK,O,O
",",O,O
have,O,O
excellent,O,O
i,B-Skill,O
.,I-Skill,O
t,I-Skill,O
.,I-Skill,O
skills,O,O
",",O,O
specifically,O,O
word,B-Skill,O
",",O,O
outlook,B-Skill,O
and,O,O
excel,B-Skill,O
and,O,O
have,O,O
a,O,O
high,O,O
attention,B-Skill,B-Skill
to,I-Skill,I-Skill
detail,I-Skill,O
.,O,O
you,O,O
will,O,O
still,O,O
be,B-Skill,O
part,I-Skill,O
of,I-Skill,O
an,I-Skill,O
office,I-Skill,O
team,I-Skill,O
with,O,O
all,O,O
the,O,B-Skill
community,O,O
and,O,O
collective,O,O
achievement,O,O
that,O,O
goes,O,O
with,O,O
that,O,O
.,O,O
this,O,O
